Accession,Residue,BepiPred-3.0 score
7lj4_B,R,0.10924215614795685
7lj4_B,S,0.09031271189451218
7lj4_B,T,0.08664458245038986
7lj4_B,T,0.112354576587677
7lj4_B,L,0.066553495824337
7lj4_B,L,0.0509520061314106
7lj4_B,A,0.061595525592565536
7lj4_B,L,0.06511858850717545
7lj4_B,L,0.06018909439444542
7lj4_B,A,0.04262455180287361
7lj4_B,L,0.046615611761808395
7lj4_B,V,0.0637974664568901
7lj4_B,L,0.06014413759112358
7lj4_B,L,0.05537593364715576
7lj4_B,Y,0.059884827584028244
7lj4_B,L,0.04791838675737381
7lj4_B,V,0.0436529666185379
7lj4_B,S,0.04025479778647423
7lj4_B,G,0.037551309913396835
7lj4_B,A,0.033819861710071564
7lj4_B,L,0.05391690880060196
7lj4_B,V,0.039918046444654465
7lj4_B,F,0.04465814307332039
7lj4_B,R,0.10529118031263351
7lj4_B,Q,0.09073721617460251
7lj4_B,A,0.059825509786605835
7lj4_B,L,0.09198618680238724
7lj4_B,E,0.10827641934156418
7lj4_B,Q,0.12158823013305664
7lj4_B,P,0.12229344993829727
7lj4_B,H,0.12830939888954163
7lj4_B,E,0.1390501856803894
7lj4_B,Q,0.14541469514369965
7lj4_B,Q,0.17165593802928925
7lj4_B,A,0.11642863601446152
7lj4_B,Q,0.1546832174062729
7lj4_B,R,0.21335439383983612
7lj4_B,E,0.17166003584861755
7lj4_B,L,0.14184480905532837
7lj4_B,K,0.17484119534492493
7lj4_B,K,0.1712893396615982
7lj4_B,M,0.17021213471889496
7lj4_B,D,0.15107545256614685
7lj4_B,H,0.17073680460453033
7lj4_B,G,0.14215825498104095
7lj4_B,E,0.14890705049037933
7lj4_B,V,0.11858981102705002
7lj4_B,R,0.20873431861400604
7lj4_B,E,0.16742485761642456
7lj4_B,K,0.12261618673801422
7lj4_B,D,0.11712940782308578
7lj4_B,Q,0.19013407826423645
7lj4_B,F,0.15693271160125732
7lj4_B,L,0.12486918270587921
7lj4_B,R,0.20315614342689514
7lj4_B,A,0.1833055019378662
7lj4_B,D,0.18525086343288422
7lj4_B,H,0.1659008413553238
7lj4_B,P,0.1744455248117447
7lj4_B,C,0.16371850669384003
7lj4_B,V,0.16519500315189362
7lj4_B,S,0.18546251952648163
7lj4_B,D,0.17808154225349426
7lj4_B,Q,0.19739162921905518
7lj4_B,E,0.19148920476436615
7lj4_B,L,0.16707852482795715
7lj4_B,G,0.10335367172956467
7lj4_B,L,0.1467551440000534
7lj4_B,K,0.17311446368694305
7lj4_B,S,0.12904873490333557
7lj4_B,L,0.09460794180631638
7lj4_B,E,0.14754584431648254
7lj4_B,D,0.16039429605007172
7lj4_B,F,0.11071614176034927
7lj4_B,I,0.10166477411985397
7lj4_B,K,0.16224022209644318
7lj4_B,E,0.16672879457473755
7lj4_B,L,0.09268003702163696
7lj4_B,L,0.10850103199481964
7lj4_B,V,0.12176771461963654
7lj4_B,A,0.10204892605543137
7lj4_B,D,0.1323956996202469
7lj4_B,E,0.15587548911571503
7lj4_B,A,0.13178205490112305
7lj4_B,L,0.1455824077129364
7lj4_B,G,0.1501152068376541
7lj4_B,G,0.1533065289258957
7lj4_B,G,0.1703939288854599
7lj4_B,A,0.16848449409008026
7lj4_B,D,0.20634825527668
7lj4_B,N,0.21015565097332
7lj4_B,P,0.1966177076101303
7lj4_B,E,0.22038517892360687
7lj4_B,T,0.1826089471578598
7lj4_B,Q,0.19720390439033508
7lj4_B,S,0.18298403918743134
7lj4_B,T,0.16873319447040558
7lj4_B,S,0.15599046647548676
7lj4_B,H,0.16024421155452728
7lj4_B,S,0.15714901685714722
7lj4_B,A,0.14689306914806366
7lj4_B,W,0.1264423280954361
7lj4_B,D,0.1167047992348671
7lj4_B,N,0.13517561554908752
7lj4_B,L,0.06464336067438126
7lj4_B,G,0.07473055273294449
7lj4_B,S,0.08042529970407486
7lj4_B,A,0.04471762105822563
7lj4_B,F,0.039780180901288986
7lj4_B,F,0.06253011524677277
7lj4_B,F,0.04917857050895691
7lj4_B,S,0.036808114498853683
7lj4_B,G,0.055171649903059006
7lj4_B,T,0.05908438190817833
7lj4_B,I,0.04305128753185272
7lj4_B,I,0.0524941049516201
7lj4_B,T,0.058700431138277054
7lj4_B,T,0.05982589349150658
7lj4_B,I,0.045401010662317276
7lj4_B,G,0.05368740111589432
7lj4_B,Y,0.08711438626050949
7lj4_B,G,0.06504624336957932
7lj4_B,N,0.11747517436742783
7lj4_B,I,0.09546211361885071
7lj4_B,V,0.10428416728973389
7lj4_B,A,0.08487486094236374
7lj4_B,L,0.09908407181501389
7lj4_B,R,0.12881942093372345
7lj4_B,H,0.14068341255187988
7lj4_B,T,0.09808281064033508
7lj4_B,D,0.09165375679731369
7lj4_B,A,0.07201457023620605
7lj4_B,G,0.03403302654623985
7lj4_B,R,0.09022804349660873
7lj4_B,L,0.035857658833265305
7lj4_B,F,0.03357350826263428
7lj4_B,C,0.03246450424194336
7lj4_B,I,0.04047409072518349
7lj4_B,F,0.036781925708055496
7lj4_B,Y,0.05225444957613945
7lj4_B,A,0.030179688706994057
7lj4_B,L,0.038615044206380844
7lj4_B,V,0.04338115081191063
7lj4_B,G,0.03563017025589943
7lj4_B,I,0.04582685977220535
7lj4_B,P,0.06879812479019165
7lj4_B,L,0.04654008522629738
7lj4_B,F,0.05822530388832092
7lj4_B,G,0.06275895982980728
7lj4_B,D,0.07178379595279694
7lj4_B,I,0.06938141584396362
7lj4_B,M,0.07812812179327011
7lj4_B,L,0.0740981474518776
7lj4_B,L,0.08334346115589142
7lj4_B,A,0.07563039660453796
7lj4_B,G,0.09164943546056747
7lj4_B,V,0.09443699568510056
7lj4_B,G,0.07179615646600723
7lj4_B,D,0.0953478142619133
7lj4_B,R,0.15169766545295715
7lj4_B,L,0.09850140661001205
7lj4_B,G,0.09359856694936752
7lj4_B,S,0.12070854008197784
7lj4_B,S,0.11162932217121124
7lj4_B,L,0.09026496857404709
7lj4_B,R,0.1604352593421936
7lj4_B,H,0.16836893558502197
7lj4_B,R,0.1450689435005188
7lj4_B,G,0.08644386380910873
7lj4_B,I,0.13137118518352509
7lj4_B,G,0.13660657405853271
7lj4_B,H,0.10983498394489288
7lj4_B,I,0.09181931614875793
7lj4_B,E,0.16980372369289398
7lj4_B,A,0.13706624507904053
7lj4_B,I,0.08114733546972275
7lj4_B,F,0.1163555383682251
7lj4_B,L,0.1473003476858139
7lj4_B,K,0.1584281027317047
7lj4_B,W,0.13699427247047424
7lj4_B,H,0.17699457705020905
7lj4_B,V,0.10928628593683243
7lj4_B,P,0.1532667726278305
7lj4_B,P,0.15822818875312805
7lj4_B,E,0.16103248298168182
7lj4_B,G,0.12283172458410263
7lj4_B,L,0.11031754314899445
7lj4_B,V,0.11873850971460342
7lj4_B,R,0.16865228116512299
7lj4_B,V,0.09437652677297592
7lj4_B,S,0.0906267911195755
7lj4_B,L,0.05918874964118004
7lj4_B,S,0.09521546214818954
7lj4_B,A,0.06868807226419449
7lj4_B,E,0.10360286384820938
7lj4_B,M,0.09203541278839111
7lj4_B,V,0.06528698652982712
7lj4_B,L,0.0483943335711956
7lj4_B,F,0.07449690252542496
7lj4_B,L,0.06156730651855469
7lj4_B,L,0.05144330486655235
7lj4_B,I,0.05361912399530411
7lj4_B,G,0.04718814045190811
7lj4_B,C,0.051433682441711426
7lj4_B,L,0.05115434154868126
7lj4_B,L,0.041190095245838165
7lj4_B,F,0.051085032522678375
7lj4_B,V,0.05075345188379288
7lj4_B,L,0.04605590179562569
7lj4_B,T,0.06007758527994156
7lj4_B,P,0.04560115933418274
7lj4_B,T,0.0599868968129158
7lj4_B,F,0.05504469946026802
7lj4_B,V,0.03664053604006767
7lj4_B,F,0.05086420848965645
7lj4_B,C,0.0806429460644722
7lj4_B,S,0.09603173285722733
7lj4_B,Y,0.13245509564876556
7lj4_B,M,0.14473353326320648
7lj4_B,E,0.13673758506774902
7lj4_B,D,0.15607833862304688
7lj4_B,S,0.13685214519500732
7lj4_B,W,0.09207604825496674
7lj4_B,S,0.1375020444393158
7lj4_B,K,0.10822923481464386
7lj4_B,L,0.07472629845142365
7lj4_B,E,0.10621271282434464
7lj4_B,A,0.051070183515548706
7lj4_B,I,0.05115998908877373
7lj4_B,Y,0.07359540462493896
7lj4_B,F,0.061689358204603195
7lj4_B,V,0.03620193153619766
7lj4_B,I,0.06200140714645386
7lj4_B,V,0.042139291763305664
7lj4_B,T,0.055484604090452194
7lj4_B,L,0.038977544754743576
7lj4_B,T,0.04458720237016678
7lj4_B,T,0.06752385944128036
7lj4_B,V,0.03640592470765114
7lj4_B,G,0.050884246826171875
7lj4_B,F,0.051384057849645615
7lj4_B,G,0.06490323692560196
7lj4_B,D,0.08297522366046906
7lj4_B,Y,0.06866543740034103
7lj4_B,V,0.05853017792105675
7lj4_B,A,0.05390525981783867
7lj4_B,G,0.102798692882061
7lj4_B,A,0.09523473680019379
7lj4_B,D,0.1392061710357666
7lj4_B,P,0.14172963798046112
7lj4_B,R,0.17942692339420319
7lj4_B,Q,0.16011251509189606
7lj4_B,D,0.14396816492080688
7lj4_B,S,0.12968440353870392
7lj4_B,P,0.13649308681488037
7lj4_B,A,0.11302026361227036
7lj4_B,Y,0.1191687136888504
7lj4_B,Q,0.12263975292444229
7lj4_B,P,0.10928457975387573
7lj4_B,L,0.08855529874563217
7lj4_B,V,0.05818144232034683
7lj4_B,W,0.08501596748828888
7lj4_B,F,0.0901203602552414
7lj4_B,W,0.07261444628238678
7lj4_B,I,0.07713170349597931
7lj4_B,L,0.08258277922868729
7lj4_B,L,0.07874108850955963
7lj4_B,F,0.07241625338792801
7lj4_B,G,0.07141900062561035
7lj4_B,L,0.08896598219871521
7lj4_B,P,0.08847624063491821
7lj4_B,A,0.06403423845767975
7lj4_B,Y,0.0803338810801506
7lj4_B,F,0.08234493434429169
7lj4_B,A,0.08168576657772064
7lj4_B,S,0.07360624521970749
7lj4_B,V,0.08178672194480896
7lj4_B,L,0.08548583090305328
7lj4_B,T,0.09840220957994461
7lj4_B,T,0.08365087956190109
7lj4_B,I,0.07168769836425781
7lj4_B,G,0.0940307006239891
7lj4_B,N,0.12705492973327637
7lj4_B,W,0.10615839064121246
7lj4_B,L,0.10195594280958176
7lj4_B,R,0.14610052108764648
7lj4_B,V,0.11266310513019562
7lj4_B,V,0.09678924828767776
7lj4_B,S,0.12404435127973557
4xak_A,G,0.15801768004894257
4xak_A,V,0.16289769113063812
4xak_A,E,0.23844876885414124
4xak_A,C,0.1565553992986679
4xak_A,D,0.2317693680524826
4xak_A,F,0.19466613233089447
4xak_A,S,0.21208277344703674
4xak_A,P,0.2262837141752243
4xak_A,L,0.1927751749753952
4xak_A,L,0.17644013464450836
4xak_A,S,0.2172047346830368
4xak_A,G,0.20065121352672577
4xak_A,T,0.2328845113515854
4xak_A,P,0.23466996848583221
4xak_A,P,0.207611083984375
4xak_A,Q,0.23756952583789825
4xak_A,V,0.1852673888206482
4xak_A,Y,0.2317674607038498
4xak_A,N,0.23128023743629456
4xak_A,F,0.1982237696647644
4xak_A,K,0.21665887534618378
4xak_A,R,0.23299522697925568
4xak_A,L,0.15755398571491241
4xak_A,V,0.15958985686302185
4xak_A,F,0.18150167167186737
4xak_A,T,0.20056353509426117
4xak_A,N,0.220180943608284
4xak_A,C,0.2002798616886139
4xak_A,N,0.2349185049533844
4xak_A,Y,0.24329756200313568
4xak_A,N,0.22913913428783417
4xak_A,L,0.17397312819957733
4xak_A,T,0.22121882438659668
4xak_A,K,0.24283824861049652
4xak_A,L,0.1594322770833969
4xak_A,L,0.17910070717334747
4xak_A,S,0.19901029765605927
4xak_A,L,0.19100052118301392
4xak_A,F,0.18701983988285065
4xak_A,S,0.20956937968730927
4xak_A,V,0.18486066162586212
4xak_A,N,0.2247994989156723
4xak_A,D,0.2211311310529709
4xak_A,F,0.20512080192565918
4xak_A,T,0.20262327790260315
4xak_A,C,0.16530993580818176
4xak_A,S,0.168374165892601
4xak_A,Q,0.21600590646266937
4xak_A,I,0.18553312122821808
4xak_A,S,0.19226831197738647
4xak_A,P,0.20010343194007874
4xak_A,A,0.16663257777690887
4xak_A,A,0.1600843220949173
4xak_A,I,0.17238353192806244
4xak_A,A,0.15481626987457275
4xak_A,S,0.19224384427070618
4xak_A,N,0.21881626546382904
4xak_A,C,0.18038679659366608
4xak_A,Y,0.23934803903102875
4xak_A,S,0.18151000142097473
4xak_A,S,0.17324002087116241
4xak_A,L,0.16251735389232635
4xak_A,I,0.17720292508602142
4xak_A,L,0.16381505131721497
4xak_A,D,0.23413477838039398
4xak_A,Y,0.22803163528442383
4xak_A,F,0.21902985870838165
4xak_A,S,0.21059076488018036
4xak_A,Y,0.23549199104309082
4xak_A,P,0.20813317596912384
4xak_A,L,0.19635990262031555
4xak_A,S,0.2082025557756424
4xak_A,M,0.1954181045293808
4xak_A,K,0.22982192039489746
4xak_A,S,0.1837213784456253
4xak_A,D,0.23073327541351318
4xak_A,L,0.1915411800146103
4xak_A,S,0.20228517055511475
4xak_A,V,0.16435693204402924
4xak_A,S,0.1925775110721588
4xak_A,S,0.19830618798732758
4xak_A,A,0.18073071539402008
4xak_A,G,0.18886856734752655
4xak_A,P,0.2200843095779419
4xak_A,I,0.18533264100551605
4xak_A,S,0.1804417222738266
4xak_A,Q,0.2190079540014267
4xak_A,F,0.19093194603919983
4xak_A,N,0.20742812752723694
4xak_A,Y,0.2148396521806717
4xak_A,K,0.22289200127124786
4xak_A,Q,0.22105689346790314
4xak_A,S,0.18951299786567688
4xak_A,F,0.21965907514095306
4xak_A,S,0.21811524033546448
4xak_A,N,0.23481395840644836
4xak_A,P,0.21614597737789154
4xak_A,T,0.2037004679441452
4xak_A,C,0.16554097831249237
4xak_A,L,0.16130171716213226
4xak_A,I,0.15757852792739868
4xak_A,L,0.15569531917572021
4xak_A,A,0.15637315809726715
4xak_A,T,0.19017671048641205
4xak_A,V,0.16921959817409515
4xak_A,P,0.21327319741249084
4xak_A,H,0.23345699906349182
4xak_A,N,0.22858475148677826
4xak_A,L,0.18122196197509766
4xak_A,T,0.21496911346912384
4xak_A,T,0.20979073643684387
4xak_A,I,0.19572974741458893
4xak_A,T,0.19748859107494354
4xak_A,K,0.2282714694738388
4xak_A,P,0.19854389131069183
4xak_A,L,0.19607433676719666
4xak_A,K,0.22069750726222992
4xak_A,Y,0.2158486396074295
4xak_A,S,0.19840936362743378
4xak_A,Y,0.23970642685890198
4xak_A,I,0.1958206444978714
4xak_A,N,0.22154049575328827
4xak_A,K,0.22895312309265137
4xak_A,C,0.16901616752147675
4xak_A,S,0.18072716891765594
4xak_A,R,0.23313651978969574
4xak_A,F,0.1896931380033493
4xak_A,L,0.17969124019145966
4xak_A,L,0.17432938516139984
4xak_A,S,0.19945330917835236
4xak_A,D,0.23366644978523254
4xak_A,D,0.2395051270723343
4xak_A,R,0.2775222957134247
4xak_A,T,0.2262054979801178
4xak_A,E,0.2598036229610443
4xak_A,V,0.18641893565654755
4xak_A,P,0.21641993522644043
4xak_A,Q,0.23905299603939056
4xak_A,L,0.18978939950466156
4xak_A,V,0.17827434837818146
4xak_A,N,0.24591846764087677
4xak_A,A,0.1712082177400589
4xak_A,N,0.2343122959136963
4xak_A,Q,0.24926157295703888
4xak_A,Y,0.2511084973812103
4xak_A,S,0.20702242851257324
4xak_A,P,0.208421990275383
4xak_A,C,0.16592344641685486
4xak_A,V,0.14624622464179993
4xak_A,S,0.1675649732351303
4xak_A,I,0.18336178362369537
4xak_A,V,0.15718412399291992
4xak_A,P,0.19029608368873596
4xak_A,S,0.19365614652633667
4xak_A,T,0.20777077972888947
4xak_A,V,0.1933053880929947
4xak_A,W,0.25139138102531433
4xak_A,E,0.2666782736778259
4xak_A,D,0.2558172643184662
4xak_A,G,0.188413605093956
4xak_A,D,0.26567143201828003
4xak_A,Y,0.24663321673870087
4xak_A,Y,0.23356333374977112
4xak_A,R,0.25391754508018494
4xak_A,K,0.2064136564731598
4xak_A,Q,0.22025762498378754
4xak_A,L,0.17873898148536682
4xak_A,S,0.21346867084503174
4xak_A,P,0.23605945706367493
4xak_A,L,0.20546980202198029
4xak_A,E,0.2612614929676056
4xak_A,G,0.2023754119873047
4xak_A,G,0.20575319230556488
4xak_A,G,0.17708678543567657
4xak_A,W,0.23059919476509094
4xak_A,L,0.1938408464193344
4xak_A,V,0.16882166266441345
4xak_A,A,0.1534614861011505
4xak_A,S,0.19653277099132538
4xak_A,G,0.18447482585906982
4xak_A,S,0.2145674228668213
4xak_A,T,0.2016107141971588
4xak_A,V,0.18600638210773468
4xak_A,A,0.19684433937072754
4xak_A,M,0.23906059563159943
4xak_A,T,0.220419242978096
4xak_A,E,0.2563791871070862
4xak_A,Q,0.25940045714378357
4xak_A,L,0.2106441706418991
4xak_A,Q,0.2422194927930832
4xak_A,M,0.2399701178073883
4xak_A,G,0.1904015839099884
4xak_A,F,0.22679424285888672
4xak_A,G,0.18807652592658997
4xak_A,I,0.1895475834608078
4xak_A,T,0.20340578258037567
4xak_A,V,0.17294234037399292
4xak_A,Q,0.23586063086986542
4xak_A,Y,0.25132331252098083
4xak_A,G,0.2070438712835312
4xak_A,T,0.24729417264461517
4xak_A,D,0.27167659997940063
4xak_A,T,0.2450563907623291
4xak_A,N,0.2619653642177582
4xak_A,S,0.2261294424533844
4xak_A,V,0.1990734040737152
4xak_A,C,0.2015247344970703
4xak_A,P,0.19035761058330536
4xak_A,K,0.22099661827087402
4xak_A,L,0.17273326218128204
4xak_A,E,0.23772303760051727
4xak_A,F,0.20855294167995453
4xak_A,A,0.1786903440952301
4ypg_D,T,0.15344002842903137
4ypg_D,S,0.18903276324272156
4ypg_D,C,0.19199346005916595
4ypg_D,D,0.22610321640968323
4ypg_D,L,0.19964352250099182
4ypg_D,P,0.25178471207618713
4ypg_D,Q,0.25240814685821533
4ypg_D,T,0.21782560646533966
4ypg_D,H,0.21910610795021057
4ypg_D,S,0.19398242235183716
4ypg_D,L,0.2016017884016037
4ypg_D,G,0.18480704724788666
4ypg_D,S,0.22437702119350433
4ypg_D,D,0.2364407628774643
4ypg_D,N,0.1808418482542038
4ypg_D,R,0.24639244377613068
4ypg_D,R,0.2687523663043976
4ypg_D,T,0.1581205427646637
4ypg_D,L,0.15009333193302155
4ypg_D,M,0.2174166887998581
4ypg_D,L,0.163813516497612
4ypg_D,L,0.12804819643497467
4ypg_D,A,0.16788673400878906
4ypg_D,Q,0.22383971512317657
4ypg_D,M,0.163744255900383
4ypg_D,S,0.16054537892341614
4ypg_D,R,0.2556743323802948
4ypg_D,K,0.2107986956834793
4ypg_D,I,0.1482672542333603
4ypg_D,S,0.19403034448623657
4ypg_D,L,0.20683585107326508
4ypg_D,F,0.1905650645494461
4ypg_D,P,0.17337942123413086
4ypg_D,S,0.20483684539794922
4ypg_D,S,0.18473723530769348
4ypg_D,C,0.1559477001428604
4ypg_D,L,0.17276372015476227
4ypg_D,K,0.23432040214538574
4ypg_D,M,0.24357350170612335
4ypg_D,D,0.23304806649684906
4ypg_D,R,0.26797714829444885
4ypg_D,H,0.259777694940567
4ypg_D,D,0.2333509474992752
4ypg_D,F,0.228953555226326
4ypg_D,G,0.20590201020240784
4ypg_D,F,0.24626460671424866
4ypg_D,P,0.21819987893104553
4ypg_D,Q,0.2334221601486206
4ypg_D,E,0.28706490993499756
4ypg_D,E,0.2758510708808899
4ypg_D,F,0.24000048637390137
4ypg_D,G,0.20399890840053558
4ypg_D,N,0.2543444335460663
4ypg_D,Q,0.2329074889421463
4ypg_D,F,0.2193794697523117
4ypg_D,Q,0.24878044426441193
4ypg_D,K,0.26510822772979736
4ypg_D,D,0.22728995978832245
4ypg_D,A,0.16078779101371765
4ypg_D,E,0.22702156007289886
4ypg_D,T,0.21483317017555237
4ypg_D,I,0.19368840754032135
4ypg_D,P,0.20685291290283203
4ypg_D,A,0.15284307301044464
4ypg_D,I,0.15543273091316223
4ypg_D,S,0.16995863616466522
4ypg_D,V,0.16841915249824524
4ypg_D,L,0.15253488719463348
4ypg_D,H,0.14588569104671478
4ypg_D,E,0.2175428867340088
4ypg_D,M,0.20157542824745178
4ypg_D,L,0.1226770281791687
4ypg_D,I,0.15442617237567902
4ypg_D,Q,0.22932489216327667
4ypg_D,Q,0.18276435136795044
4ypg_D,I,0.12220138311386108
4ypg_D,F,0.20042672753334045
4ypg_D,N,0.21979720890522003
4ypg_D,L,0.1343902051448822
4ypg_D,F,0.15793907642364502
4ypg_D,S,0.1895628422498703
4ypg_D,T,0.19828596711158752
4ypg_D,T,0.16128477454185486
4ypg_D,K,0.21988545358181
4ypg_D,D,0.2403305321931839
4ypg_D,S,0.18783418834209442
4ypg_D,S,0.2006370574235916
4ypg_D,A,0.2051403820514679
4ypg_D,A,0.1991102546453476
4ypg_D,W,0.2518090307712555
4ypg_D,D,0.2479710429906845
4ypg_D,E,0.24129438400268555
4ypg_D,T,0.2140991985797882
4ypg_D,D,0.22899127006530762
4ypg_D,L,0.21288111805915833
4ypg_D,L,0.19727036356925964
4ypg_D,D,0.17696993052959442
4ypg_D,K,0.20474901795387268
4ypg_D,F,0.19891558587551117
4ypg_D,Y,0.16484741866588593
4ypg_D,C,0.1068171039223671
4ypg_D,T,0.18006865680217743
4ypg_D,E,0.16005663573741913
4ypg_D,L,0.10429439693689346
4ypg_D,Y,0.1915024071931839
4ypg_D,Q,0.21675050258636475
4ypg_D,Q,0.12182138115167618
4ypg_D,L,0.11317439377307892
4ypg_D,N,0.19788317382335663
4ypg_D,D,0.22376060485839844
4ypg_D,L,0.09882886707782745
4ypg_D,E,0.2014610767364502
4ypg_D,A,0.1854097992181778
4ypg_D,C,0.10972671955823898
4ypg_D,V,0.1253175437450409
4ypg_D,I,0.17920450866222382
4ypg_D,Q,0.21298633515834808
4ypg_D,G,0.185597226023674
4ypg_D,V,0.18501558899879456
4ypg_D,G,0.18319471180438995
4ypg_D,V,0.1958978921175003
4ypg_D,T,0.23084068298339844
4ypg_D,E,0.2503962516784668
4ypg_D,T,0.22661419212818146
4ypg_D,P,0.22835932672023773
4ypg_D,L,0.22576235234737396
4ypg_D,M,0.23254232108592987
4ypg_D,K,0.23960380256175995
4ypg_D,E,0.2243606299161911
4ypg_D,Q,0.2494884580373764
4ypg_D,N,0.21110939979553223
4ypg_D,A,0.14977295696735382
4ypg_D,D,0.17283688485622406
4ypg_D,S,0.18795333802700043
4ypg_D,I,0.1605551838874817
4ypg_D,L,0.14881232380867004
4ypg_D,A,0.15796445310115814
4ypg_D,V,0.16072380542755127
4ypg_D,R,0.17496828734874725
4ypg_D,K,0.12571537494659424
4ypg_D,K,0.19788925349712372
4ypg_D,Y,0.19472360610961914
4ypg_D,F,0.13512855768203735
4ypg_D,Q,0.18276402354240417
4ypg_D,R,0.25120076537132263
4ypg_D,R,0.19048431515693665
4ypg_D,I,0.10827340185642242
4ypg_D,T,0.17951340973377228
4ypg_D,L,0.18154434859752655
4ypg_D,Y,0.17332230508327484
4ypg_D,L,0.13535533845424652
4ypg_D,K,0.23640410602092743
4ypg_D,T,0.21985481679439545
4ypg_D,E,0.1912952959537506
4ypg_D,K,0.24981072545051575
4ypg_D,K,0.22660623490810394
4ypg_D,Y,0.20804373919963837
4ypg_D,S,0.14887511730194092
4ypg_D,P,0.15397998690605164
4ypg_D,C,0.13218353688716888
4ypg_D,A,0.07839224487543106
4ypg_D,W,0.11743175983428955
4ypg_D,E,0.17665593326091766
4ypg_D,V,0.13352632522583008
4ypg_D,V,0.0768500417470932
4ypg_D,R,0.16863811016082764
4ypg_D,A,0.14490361511707306
4ypg_D,E,0.13165023922920227
4ypg_D,I,0.07525976747274399
4ypg_D,M,0.15444642305374146
4ypg_D,R,0.17521946132183075
4ypg_D,S,0.07781144231557846
4ypg_D,F,0.10627800226211548
4ypg_D,S,0.15461857616901398
4ypg_D,L,0.11257480829954147
4ypg_D,S,0.08911237120628357
4ypg_D,T,0.16214986145496368
4ypg_D,N,0.19573692977428436
4ypg_D,L,0.09570116549730301
4ypg_D,Q,0.17034435272216797
4ypg_D,E,0.24584685266017914
4ypg_D,S,0.1809273064136505
4ypg_D,L,0.1673661321401596
4ypg_D,T,0.19468262791633606
7chz_I,P,0.16175353527069092
7chz_I,V,0.16222642362117767
7chz_I,R,0.24029222130775452
7chz_I,S,0.20014886558055878
7chz_I,L,0.16649380326271057
7chz_I,N,0.17302708327770233
7chz_I,C,0.12030851095914841
7chz_I,T,0.1408650130033493
7chz_I,L,0.1158345490694046
7chz_I,R,0.2376594841480255
7chz_I,D,0.17449136078357697
7chz_I,S,0.21197019517421722
7chz_I,Q,0.29340800642967224
7chz_I,Q,0.24661727249622345
7chz_I,K,0.2398644983768463
7chz_I,S,0.1599419265985489
7chz_I,L,0.10904689133167267
7chz_I,V,0.12952029705047607
7chz_I,M,0.1387951672077179
7chz_I,S,0.17464950680732727
7chz_I,G,0.2006450891494751
7chz_I,P,0.27473315596580505
7chz_I,Y,0.269625723361969
7chz_I,E,0.2726071774959564
7chz_I,L,0.22332637012004852
7chz_I,K,0.2602282464504242
7chz_I,A,0.14680995047092438
7chz_I,L,0.15052828192710876
7chz_I,H,0.22353556752204895
7chz_I,L,0.15770870447158813
7chz_I,Q,0.22046852111816406
7chz_I,G,0.202985480427742
7chz_I,Q,0.24377398192882538
7chz_I,D,0.24656473100185394
7chz_I,M,0.22396694123744965
7chz_I,E,0.23231326043605804
7chz_I,Q,0.22885377705097198
7chz_I,Q,0.2098223716020584
7chz_I,V,0.12442300468683243
7chz_I,V,0.13727276027202606
7chz_I,F,0.1111614927649498
7chz_I,S,0.16777534782886505
7chz_I,M,0.11878937482833862
7chz_I,S,0.1686147153377533
7chz_I,F,0.2116757482290268
7chz_I,V,0.16807131469249725
7chz_I,Q,0.2513059973716736
7chz_I,G,0.22113852202892303
7chz_I,E,0.26155218482017517
7chz_I,E,0.27269431948661804
7chz_I,S,0.25352972745895386
7chz_I,N,0.28633546829223633
7chz_I,D,0.2581922113895416
7chz_I,K,0.25442254543304443
7chz_I,I,0.17482352256774902
7chz_I,P,0.17330871522426605
7chz_I,V,0.07331635802984238
7chz_I,A,0.11545294523239136
7chz_I,L,0.06064159795641899
7chz_I,G,0.11866976320743561
7chz_I,L,0.1096363291144371
7chz_I,K,0.22549688816070557
7chz_I,E,0.2563106417655945
7chz_I,K,0.29121634364128113
7chz_I,N,0.28015953302383423
7chz_I,L,0.1658284217119217
7chz_I,Y,0.13543109595775604
7chz_I,L,0.05510818958282471
7chz_I,S,0.11098673194646835
7chz_I,C,0.0819929838180542
7chz_I,V,0.18469499051570892
7chz_I,L,0.20028045773506165
7chz_I,K,0.28764477372169495
7chz_I,D,0.3034297227859497
7chz_I,D,0.2989688515663147
7chz_I,K,0.299259752035141
7chz_I,P,0.20148253440856934
7chz_I,T,0.18948356807231903
7chz_I,L,0.08270905911922455
7chz_I,Q,0.25307807326316833
7chz_I,L,0.1272905319929123
7chz_I,E,0.24274273216724396
7chz_I,S,0.22783222794532776
7chz_I,V,0.2030528336763382
7chz_I,D,0.2286536991596222
7chz_I,P,0.22175121307373047
7chz_I,K,0.2429092973470688
7chz_I,N,0.2605944275856018
7chz_I,Y,0.19916917383670807
7chz_I,P,0.22298899292945862
7chz_I,K,0.23270611464977264
7chz_I,K,0.20400117337703705
7chz_I,K,0.21004734933376312
7chz_I,M,0.15040799975395203
7chz_I,E,0.17345266044139862
7chz_I,K,0.13152384757995605
7chz_I,R,0.19059042632579803
7chz_I,F,0.0900435820221901
7chz_I,V,0.0908110961318016
7chz_I,F,0.05590102821588516
7chz_I,N,0.15003369748592377
7chz_I,K,0.13214926421642303
7chz_I,I,0.15203528106212616
7chz_I,E,0.20056267082691193
7chz_I,I,0.2068619281053543
7chz_I,N,0.2108442336320877
7chz_I,N,0.19212059676647186
7chz_I,K,0.20659399032592773
7chz_I,L,0.11927671730518341
7chz_I,E,0.12587974965572357
7chz_I,F,0.061813294887542725
7chz_I,E,0.16065652668476105
7chz_I,S,0.09419941157102585
7chz_I,A,0.16043417155742645
7chz_I,Q,0.19542445242404938
7chz_I,F,0.23110990226268768
7chz_I,P,0.23981614410877228
7chz_I,N,0.20526078343391418
7chz_I,W,0.1761627048254013
7chz_I,Y,0.12728457152843475
7chz_I,I,0.053768254816532135
7chz_I,S,0.11678067594766617
7chz_I,T,0.08801036328077316
7chz_I,S,0.19573932886123657
7chz_I,Q,0.24121026694774628
7chz_I,A,0.25803425908088684
7chz_I,E,0.30240964889526367
7chz_I,N,0.3059396743774414
7chz_I,M,0.28918734192848206
7chz_I,P,0.23048804700374603
7chz_I,V,0.10493399202823639
7chz_I,F,0.218509241938591
7chz_I,L,0.1046040803194046
7chz_I,G,0.1531926840543747
7chz_I,G,0.21017217636108398
7chz_I,T,0.2331891804933548
7chz_I,K,0.2412530928850174
7chz_I,G,0.23373530805110931
7chz_I,G,0.2134055644273758
7chz_I,Q,0.23516307771205902
7chz_I,D,0.2104518860578537
7chz_I,I,0.17053787410259247
7chz_I,T,0.10453598946332932
7chz_I,D,0.13764505088329315
7chz_I,F,0.07196107506752014
7chz_I,T,0.15677659213542938
7chz_I,M,0.06783385574817657
7chz_I,Q,0.16157297790050507
7chz_I,F,0.17707891762256622
7chz_I,V,0.15104185044765472
7chz_I,S,0.18292325735092163
7chz_I,S,0.2098718136548996
5d8j_A,S,0.14287011325359344
5d8j_A,M,0.14558832347393036
5d8j_A,C,0.10555347055196762
5d8j_A,D,0.17739807069301605
5d8j_A,A,0.13620422780513763
5d8j_A,F,0.08893025666475296
5d8j_A,V,0.14024890959262848
5d8j_A,G,0.060891348868608475
5d8j_A,T,0.16325177252292633
5d8j_A,W,0.08692561089992523
5d8j_A,K,0.214382603764534
5d8j_A,L,0.09676288813352585
5d8j_A,V,0.14751563966274261
5d8j_A,S,0.1455167531967163
5d8j_A,S,0.1891353577375412
5d8j_A,E,0.20586073398590088
5d8j_A,N,0.1707686185836792
5d8j_A,F,0.10037513077259064
5d8j_A,D,0.1541835516691208
5d8j_A,D,0.21903736889362335
5d8j_A,Y,0.13899914920330048
5d8j_A,M,0.10786807537078857
5d8j_A,K,0.2283702939748764
5d8j_A,E,0.1876518279314041
5d8j_A,V,0.08564982563257217
5d8j_A,G,0.12534423172473907
5d8j_A,V,0.05881023406982422
5d8j_A,G,0.10812518745660782
5d8j_A,F,0.160533145070076
5d8j_A,A,0.09779606759548187
5d8j_A,T,0.12687407433986664
5d8j_A,R,0.14249847829341888
5d8j_A,K,0.17637448012828827
5d8j_A,V,0.0863642767071724
5d8j_A,A,0.0921052023768425
5d8j_A,G,0.13332617282867432
5d8j_A,M,0.15702937543392181
5d8j_A,A,0.08489444851875305
5d8j_A,K,0.194877490401268
5d8j_A,P,0.10712380707263947
5d8j_A,N,0.2192888706922531
5d8j_A,M,0.12049281597137451
5d8j_A,I,0.15428678691387177
5d8j_A,I,0.06248636171221733
5d8j_A,S,0.2124582827091217
5d8j_A,V,0.1504107266664505
5d8j_A,N,0.2549634575843811
5d8j_A,G,0.24251306056976318
5d8j_A,D,0.22757482528686523
5d8j_A,L,0.20642982423305511
5d8j_A,V,0.06417306512594223
5d8j_A,T,0.1841016262769699
5d8j_A,I,0.06520598381757736
5d8j_A,R,0.2810623347759247
5d8j_A,S,0.12042924016714096
5d8j_A,E,0.2783716320991516
5d8j_A,S,0.13550053536891937
5d8j_A,T,0.18971280753612518
5d8j_A,F,0.15968206524848938
5d8j_A,K,0.24494539201259613
5d8j_A,N,0.2853439450263977
5d8j_A,T,0.22504554688930511
5d8j_A,E,0.274770587682724
5d8j_A,I,0.1202462837100029
5d8j_A,S,0.2162490338087082
5d8j_A,F,0.09968838840723038
5d8j_A,K,0.24887457489967346
5d8j_A,L,0.11597287654876709
5d8j_A,G,0.1821557581424713
5d8j_A,V,0.18397200107574463
5d8j_A,E,0.26052841544151306
5d8j_A,F,0.11828453838825226
5d8j_A,D,0.25648418068885803
5d8j_A,E,0.18636079132556915
5d8j_A,I,0.2563048005104065
5d8j_A,T,0.1808478832244873
5d8j_A,A,0.2075524777173996
5d8j_A,D,0.27204546332359314
5d8j_A,D,0.2982516288757324
5d8j_A,R,0.26501673460006714
5d8j_A,K,0.30157628655433655
5d8j_A,V,0.09581488370895386
5d8j_A,K,0.26435500383377075
5d8j_A,S,0.11635272949934006
5d8j_A,I,0.21831679344177246
5d8j_A,I,0.08868525177240372
5d8j_A,T,0.23625317215919495
5d8j_A,L,0.11721333116292953
5d8j_A,D,0.23015065491199493
5d8j_A,G,0.2505265176296234
5d8j_A,G,0.15296044945716858
5d8j_A,A,0.14262224733829498
5d8j_A,L,0.07212013006210327
5d8j_A,V,0.1485525518655777
5d8j_A,Q,0.10327260941267014
5d8j_A,V,0.1640312820672989
5d8j_A,Q,0.16267862915992737
5d8j_A,K,0.24057798087596893
5d8j_A,W,0.17356733977794647
5d8j_A,D,0.277402400970459
5d8j_A,G,0.21573273837566376
5d8j_A,K,0.2504134178161621
5d8j_A,S,0.2393680065870285
5d8j_A,T,0.1248100996017456
5d8j_A,T,0.18746133148670197
5d8j_A,I,0.10478220134973526
5d8j_A,K,0.22815008461475372
5d8j_A,R,0.13918910920619965
5d8j_A,K,0.21500113606452942
5d8j_A,R,0.13180406391620636
5d8j_A,D,0.19787470996379852
5d8j_A,G,0.21459737420082092
5d8j_A,D,0.19203409552574158
5d8j_A,K,0.1783493608236313
5d8j_A,L,0.05595371872186661
5d8j_A,V,0.11877423524856567
5d8j_A,V,0.0574360266327858
5d8j_A,E,0.16878767311573029
5d8j_A,C,0.08223173022270203
5d8j_A,V,0.17402194440364838
5d8j_A,M,0.16265740990638733
5d8j_A,K,0.2768692970275879
5d8j_A,G,0.21667157113552094
5d8j_A,V,0.12847384810447693
5d8j_A,T,0.23872695863246918
5d8j_A,S,0.1079242005944252
5d8j_A,T,0.18931105732917786
5d8j_A,R,0.16333402693271637
5d8j_A,V,0.12799246609210968
5d8j_A,Y,0.12852822244167328
5d8j_A,E,0.1764473170042038
5d8j_A,R,0.183124840259552
5d8j_A,A,0.16660697758197784
3pnw_O,I,0.13918732106685638
3pnw_O,P,0.19342269003391266
3pnw_O,M,0.23370181024074554
3pnw_O,E,0.2545754611492157
3pnw_O,Y,0.25748977065086365
3pnw_O,A,0.17600686848163605
3pnw_O,K,0.19614487886428833
3pnw_O,M,0.22330866754055023
3pnw_O,W,0.08907895535230637
3pnw_O,K,0.23114757239818573
3pnw_O,P,0.15562704205513
3pnw_O,G,0.1186988353729248
3pnw_O,D,0.1275341510772705
3pnw_O,E,0.12302949279546738
3pnw_O,C,0.03706290200352669
3pnw_O,F,0.09600517898797989
3pnw_O,A,0.03768908232450485
3pnw_O,L,0.10116838663816452
3pnw_O,Y,0.1138250008225441
3pnw_O,W,0.17828436195850372
3pnw_O,E,0.21303001046180725
3pnw_O,D,0.24794016778469086
3pnw_O,N,0.23063991963863373
3pnw_O,K,0.1709066480398178
3pnw_O,F,0.13171935081481934
3pnw_O,Y,0.1561039537191391
3pnw_O,R,0.18327732384204865
3pnw_O,A,0.0450037382543087
3pnw_O,E,0.14633172750473022
3pnw_O,V,0.05011458322405815
3pnw_O,E,0.16925589740276337
3pnw_O,A,0.16507725417613983
3pnw_O,L,0.09278034418821335
3pnw_O,H,0.1568610668182373
3pnw_O,S,0.2253667414188385
3pnw_O,S,0.22884754836559296
3pnw_O,G,0.13253438472747803
3pnw_O,M,0.23514698445796967
3pnw_O,T,0.18776534497737885
3pnw_O,A,0.056405823677778244
3pnw_O,V,0.11815594881772995
3pnw_O,V,0.05155975744128227
3pnw_O,K,0.16228726506233215
3pnw_O,F,0.11193849891424179
3pnw_O,I,0.11853098124265671
3pnw_O,D,0.1319587677717209
3pnw_O,Y,0.18513408303260803
3pnw_O,G,0.11132966727018356
3pnw_O,N,0.20900960266590118
3pnw_O,Y,0.23511461913585663
3pnw_O,E,0.16517148911952972
3pnw_O,E,0.2760491967201233
3pnw_O,V,0.07467272132635117
3pnw_O,L,0.24092188477516174
3pnw_O,L,0.11061029881238937
3pnw_O,S,0.21307890117168427
3pnw_O,N,0.17016156017780304
3pnw_O,I,0.06698928028345108
3pnw_O,K,0.15969517827033997
3pnw_O,P,0.14249305427074432
3pnw_O,I,0.11967853456735611
6y6c_A,N,0.14687947928905487
6y6c_A,T,0.1685340702533722
6y6c_A,T,0.14989769458770752
6y6c_A,V,0.11695102602243423
6y6c_A,F,0.1042228490114212
6y6c_A,Q,0.1277294009923935
6y6c_A,G,0.07494326680898666
6y6c_A,V,0.14673590660095215
6y6c_A,A,0.08603634685277939
6y6c_A,G,0.11679764091968536
6y6c_A,Q,0.1357078105211258
6y6c_A,S,0.12642517685890198
6y6c_A,L,0.056762080639600754
6y6c_A,Q,0.14368101954460144
6y6c_A,V,0.058403559029102325
6y6c_A,S,0.14270906150341034
6y6c_A,C,0.07283243536949158
6y6c_A,P,0.1602727174758911
6y6c_A,Y,0.1477023810148239
6y6c_A,D,0.21228604018688202
6y6c_A,S,0.17217181622982025
6y6c_A,M,0.2353729009628296
6y6c_A,K,0.29203295707702637
6y6c_A,H,0.29811644554138184
6y6c_A,W,0.29756101965904236
6y6c_A,G,0.2904782295227051
6y6c_A,R,0.30413544178009033
6y6c_A,R,0.30184289813041687
6y6c_A,K,0.19223152101039886
6y6c_A,A,0.15273712575435638
6y6c_A,W,0.09645376354455948
6y6c_A,C,0.13007289171218872
6y6c_A,R,0.14263691008090973
6y6c_A,Q,0.19060707092285156
6y6c_A,L,0.17998841404914856
6y6c_A,G,0.2694909870624542
6y6c_A,E,0.29795289039611816
6y6c_A,K,0.3022240698337555
6y6c_A,G,0.27599024772644043
6y6c_A,P,0.2739408016204834
6y6c_A,C,0.15217573940753937
6y6c_A,Q,0.2663901746273041
6y6c_A,R,0.2783285677433014
6y6c_A,V,0.11290895938873291
6y6c_A,V,0.11657800525426865
6y6c_A,S,0.20769336819648743
6y6c_A,T,0.1971503496170044
6y6c_A,H,0.30085617303848267
6y6c_A,N,0.2984198331832886
6y6c_A,L,0.27558353543281555
6y6c_A,W,0.30520761013031006
6y6c_A,L,0.2716429531574249
6y6c_A,L,0.2872806191444397
6y6c_A,S,0.2547193467617035
6y6c_A,F,0.25337862968444824
6y6c_A,L,0.21141314506530762
6y6c_A,R,0.2897983193397522
6y6c_A,R,0.2703988254070282
6y6c_A,W,0.257483571767807
6y6c_A,N,0.1930515021085739
6y6c_A,G,0.17055384814739227
6y6c_A,S,0.1432306319475174
6y6c_A,T,0.10021495074033737
6y6c_A,A,0.11062832176685333
6y6c_A,I,0.09853649139404297
6y6c_A,T,0.16612087190151215
6y6c_A,D,0.1409265249967575
6y6c_A,D,0.15748049318790436
6y6c_A,T,0.17219391465187073
6y6c_A,L,0.21861159801483154
6y6c_A,G,0.1897355020046234
6y6c_A,G,0.12201841175556183
6y6c_A,T,0.09639376401901245
6y6c_A,L,0.058159034699201584
6y6c_A,T,0.12216182053089142
6y6c_A,I,0.05097462609410286
6y6c_A,T,0.11488860100507736
6y6c_A,L,0.07418076694011688
6y6c_A,R,0.20444457232952118
6y6c_A,N,0.12523572146892548
6y6c_A,L,0.04668264463543892
6y6c_A,Q,0.153107687830925
6y6c_A,P,0.12313956022262573
6y6c_A,H,0.16783492267131805
6y6c_A,D,0.13879390060901642
6y6c_A,A,0.10107817500829697
6y6c_A,G,0.11241035908460617
6y6c_A,L,0.13395154476165771
6y6c_A,Y,0.06644318997859955
6y6c_A,Q,0.17911499738693237
6y6c_A,C,0.09182938188314438
6y6c_A,Q,0.17348149418830872
6y6c_A,S,0.09552009403705597
6y6c_A,L,0.20939850807189941
6y6c_A,H,0.2500312030315399
6y6c_A,G,0.28307271003723145
6y6c_A,S,0.2967469096183777
6y6c_A,E,0.29724055528640747
6y6c_A,A,0.26701340079307556
6y6c_A,D,0.20253808796405792
6y6c_A,T,0.2063918113708496
6y6c_A,L,0.13553109765052795
6y6c_A,R,0.21293921768665314
6y6c_A,K,0.1809622198343277
6y6c_A,V,0.055981285870075226
6y6c_A,L,0.14810539782047272
6y6c_A,V,0.03790557011961937
6y6c_A,E,0.1346932202577591
6y6c_A,V,0.04715368151664734
6y6c_A,L,0.13646169006824493
6y6c_A,A,0.12593227624893188
6y6c_A,D,0.15935683250427246
6y6c_A,P,0.17632444202899933
6y6c_A,L,0.17353634536266327
6y6c_A,D,0.19020043313503265
6y6c_A,H,0.19490014016628265
6y6c_A,R,0.24715809524059296
6y6c_A,D,0.18462909758090973
5f72_K,G,0.06447171419858932
5f72_K,R,0.1424340009689331
5f72_K,L,0.06859727948904037
5f72_K,I,0.04591281712055206
5f72_K,Y,0.04613209515810013
5f72_K,T,0.06300576776266098
5f72_K,A,0.04535135626792908
5f72_K,G,0.045375317335128784
5f72_K,G,0.06227904558181763
5f72_K,Y,0.11457603424787521
5f72_K,F,0.14830128848552704
5f72_K,R,0.18690864741802216
5f72_K,Q,0.20802687108516693
5f72_K,S,0.11320730298757553
5f72_K,L,0.1056782528758049
5f72_K,S,0.1426353007555008
5f72_K,Y,0.17370252311229706
5f72_K,L,0.04192134737968445
5f72_K,E,0.09884494543075562
5f72_K,A,0.06850745528936386
5f72_K,Y,0.0820528194308281
5f72_K,N,0.11316054314374924
5f72_K,P,0.1001286655664444
5f72_K,S,0.13672363758087158
5f72_K,D,0.11902010440826416
5f72_K,G,0.11433499306440353
5f72_K,T,0.10070162266492844
5f72_K,W,0.07477160543203354
5f72_K,L,0.10595033317804337
5f72_K,D,0.15187259018421173
5f72_K,L,0.07156645506620407
5f72_K,A,0.08353742212057114
5f72_K,D,0.1250043362379074
5f72_K,L,0.06510993838310242
5f72_K,Q,0.14607632160186768
5f72_K,V,0.09911691397428513
5f72_K,P,0.12649258971214294
5f72_K,R,0.11574011296033859
5f72_K,S,0.09309866279363632
5f72_K,G,0.07225543260574341
5f72_K,L,0.055020082741975784
5f72_K,A,0.05669507384300232
5f72_K,G,0.03162800893187523
5f72_K,C,0.03173885866999626
5f72_K,V,0.05855346843600273
5f72_K,V,0.03892495110630989
5f72_K,G,0.10023756325244904
5f72_K,G,0.0964764729142189
5f72_K,L,0.06462790817022324
5f72_K,L,0.03484266251325607
5f72_K,Y,0.04682310298085213
5f72_K,A,0.042817723006010056
5f72_K,V,0.025369256734848022
5f72_K,G,0.0406801700592041
5f72_K,G,0.05257701501250267
5f72_K,R,0.12013508379459381
5f72_K,N,0.11735222488641739
5f72_K,N,0.15729551017284393
5f72_K,S,0.12873722612857819
5f72_K,P,0.19063681364059448
5f72_K,D,0.24001990258693695
5f72_K,G,0.1764308661222458
5f72_K,N,0.205728217959404
5f72_K,T,0.16631366312503815
5f72_K,D,0.14004984498023987
5f72_K,S,0.10206426680088043
5f72_K,S,0.15569038689136505
5f72_K,A,0.11891982704401016
5f72_K,L,0.04123390465974808
5f72_K,D,0.07382658123970032
5f72_K,C,0.06385564059019089
5f72_K,Y,0.06460591405630112
5f72_K,N,0.10242672264575958
5f72_K,P,0.09681611508131027
5f72_K,M,0.12222429364919662
5f72_K,T,0.10776624828577042
5f72_K,N,0.10611652582883835
5f72_K,Q,0.11579537391662598
5f72_K,W,0.058560699224472046
5f72_K,S,0.1024225577712059
5f72_K,P,0.12289271503686905
5f72_K,C,0.0659196525812149
5f72_K,A,0.0811171606183052
5f72_K,P,0.09137772023677826
5f72_K,M,0.05703927204012871
5f72_K,S,0.10790969431400299
5f72_K,V,0.08578382432460785
5f72_K,P,0.11996405571699142
5f72_K,R,0.10881850868463516
5f72_K,N,0.11830057948827744
5f72_K,R,0.12335705757141113
5f72_K,I,0.05234657600522041
5f72_K,G,0.055712975561618805
5f72_K,V,0.03384247049689293
5f72_K,G,0.023589644581079483
5f72_K,V,0.04475100710988045
5f72_K,I,0.03604785352945328
5f72_K,D,0.10472207516431808
5f72_K,G,0.08679364621639252
5f72_K,H,0.07186996191740036
5f72_K,I,0.033270224928855896
5f72_K,Y,0.03409640118479729
5f72_K,A,0.02764016203582287
5f72_K,V,0.022276287898421288
5f72_K,G,0.03942440077662468
5f72_K,G,0.05616037920117378
5f72_K,S,0.09719362109899521
5f72_K,H,0.13423097133636475
5f72_K,G,0.10559423267841339
5f72_K,C,0.1771247684955597
5f72_K,I,0.19114179909229279
5f72_K,H,0.12041168659925461
5f72_K,H,0.11528618633747101
5f72_K,N,0.18504701554775238
5f72_K,S,0.08821762353181839
5f72_K,V,0.025636618956923485
5f72_K,E,0.06802010536193848
5f72_K,R,0.10214228928089142
5f72_K,Y,0.083437979221344
5f72_K,E,0.09913089126348495
5f72_K,P,0.07516162842512131
5f72_K,E,0.11285578459501266
5f72_K,R,0.17297227680683136
5f72_K,D,0.0976349338889122
5f72_K,E,0.1271314173936844
5f72_K,W,0.05326272174715996
5f72_K,H,0.10701995342969894
5f72_K,L,0.09919816255569458
5f72_K,V,0.04478839039802551
5f72_K,A,0.05933260917663574
5f72_K,P,0.09575915336608887
5f72_K,M,0.05452156066894531
5f72_K,L,0.10636619478464127
5f72_K,T,0.09010107815265656
5f72_K,R,0.16722626984119415
5f72_K,R,0.09161841124296188
5f72_K,I,0.08475254476070404
5f72_K,G,0.06327041238546371
5f72_K,V,0.03614087402820587
5f72_K,G,0.040088433772325516
5f72_K,V,0.025867823511362076
5f72_K,A,0.02920927107334137
5f72_K,V,0.03666067495942116
5f72_K,L,0.036065708845853806
5f72_K,N,0.11249623447656631
5f72_K,R,0.11733479797840118
5f72_K,L,0.05434368923306465
5f72_K,L,0.02445826679468155
5f72_K,Y,0.030545655637979507
5f72_K,A,0.027231091633439064
5f72_K,V,0.025430066511034966
5f72_K,G,0.03534267470240593
5f72_K,G,0.047373395413160324
5f72_K,F,0.10215430706739426
5f72_K,D,0.1026153489947319
5f72_K,G,0.08131144195795059
5f72_K,T,0.1384429931640625
5f72_K,N,0.1899256408214569
5f72_K,R,0.1128302812576294
5f72_K,L,0.07861512899398804
5f72_K,N,0.17355212569236755
5f72_K,S,0.06567765027284622
5f72_K,A,0.027748126536607742
5f72_K,E,0.0585230253636837
5f72_K,C,0.055548109114170074
5f72_K,Y,0.05329429730772972
5f72_K,Y,0.0937768742442131
5f72_K,P,0.0692911371588707
5f72_K,E,0.11371114104986191
5f72_K,R,0.14727866649627686
5f72_K,N,0.08370530605316162
5f72_K,E,0.10174687206745148
5f72_K,W,0.047635894268751144
5f72_K,R,0.13319043815135956
5f72_K,M,0.11224889755249023
5f72_K,I,0.047904811799526215
5f72_K,T,0.0814693495631218
5f72_K,A,0.08620943874120712
5f72_K,M,0.0558963306248188
5f72_K,N,0.14330947399139404
5f72_K,T,0.08793063461780548
5f72_K,I,0.11360899358987808
5f72_K,R,0.08897655457258224
5f72_K,S,0.06499242037534714
5f72_K,G,0.06379247456789017
5f72_K,A,0.03421161323785782
5f72_K,G,0.044675540179014206
5f72_K,V,0.023979751393198967
5f72_K,C,0.039740946143865585
5f72_K,V,0.05001973733305931
5f72_K,L,0.03534631058573723
5f72_K,H,0.12879465520381927
5f72_K,N,0.10065560787916183
5f72_K,C,0.05813528224825859
5f72_K,I,0.029827255755662918
5f72_K,Y,0.03280913457274437
5f72_K,A,0.02339750900864601
5f72_K,A,0.03156536817550659
5f72_K,G,0.03532690927386284
5f72_K,G,0.051429010927677155
5f72_K,Y,0.12439804524183273
5f72_K,D,0.10047095268964767
5f72_K,G,0.10144307464361191
5f72_K,Q,0.16499482095241547
5f72_K,D,0.21400146186351776
5f72_K,Q,0.1185612678527832
5f72_K,L,0.0819844901561737
5f72_K,N,0.17367489635944366
5f72_K,S,0.07268313318490982
5f72_K,V,0.027850676327943802
5f72_K,E,0.055390823632478714
5f72_K,R,0.08528759330511093
5f72_K,Y,0.05503715202212334
5f72_K,D,0.08730987459421158
5f72_K,V,0.0662931427359581
5f72_K,E,0.11748011410236359
5f72_K,T,0.09819690883159637
5f72_K,E,0.10549638420343399
5f72_K,T,0.10547174513339996
5f72_K,W,0.05311513692140579
5f72_K,T,0.10106211155653
5f72_K,F,0.1118401512503624
5f72_K,V,0.04777844250202179
5f72_K,A,0.0692133903503418
5f72_K,P,0.11462672054767609
5f72_K,M,0.05589870363473892
5f72_K,K,0.15294256806373596
5f72_K,H,0.10130300372838974
5f72_K,R,0.1465398371219635
5f72_K,R,0.09554343670606613
5f72_K,S,0.07030072063207626
5f72_K,A,0.07338603585958481
5f72_K,L,0.04752519354224205
5f72_K,G,0.05321579799056053
5f72_K,I,0.045944541692733765
5f72_K,T,0.04741998389363289
5f72_K,V,0.06072206422686577
5f72_K,H,0.0640299841761589
5f72_K,Q,0.1296115517616272
5f72_K,G,0.0805697962641716
5f72_K,R,0.12187399715185165
5f72_K,I,0.032114531844854355
5f72_K,Y,0.03892369940876961
5f72_K,V,0.03187600523233414
5f72_K,L,0.0343259833753109
5f72_K,G,0.03981909900903702
5f72_K,G,0.05397113785147667
5f72_K,Y,0.10631831735372543
5f72_K,D,0.11379464715719223
5f72_K,G,0.10072193294763565
5f72_K,H,0.18447047472000122
5f72_K,T,0.17110119760036469
5f72_K,F,0.15612660348415375
5f72_K,L,0.07178996503353119
5f72_K,D,0.17337529361248016
5f72_K,S,0.10325529426336288
5f72_K,V,0.03303125500679016
5f72_K,E,0.06179732829332352
5f72_K,C,0.06032369285821915
5f72_K,Y,0.06377565860748291
5f72_K,D,0.0951148197054863
5f72_K,P,0.07156453281641006
5f72_K,D,0.11078193038702011
5f72_K,T,0.11248793452978134
5f72_K,D,0.1019512191414833
5f72_K,T,0.11033634096384048
5f72_K,W,0.057155974209308624
5f72_K,S,0.11250107735395432
5f72_K,E,0.13551270961761475
5f72_K,V,0.0670032724738121
5f72_K,T,0.08092702925205231
5f72_K,R,0.15099744498729706
5f72_K,M,0.05519342049956322
5f72_K,T,0.1178317666053772
5f72_K,S,0.0903298407793045
5f72_K,G,0.10217922180891037
5f72_K,R,0.10989868640899658
5f72_K,S,0.08410050719976425
5f72_K,G,0.06977274268865585
5f72_K,V,0.0469776950776577
5f72_K,G,0.05416088178753853
5f72_K,V,0.03538180887699127
5f72_K,A,0.042939331382513046
5f72_K,V,0.05331508070230484
5f72_K,T,0.058669041842222214
6u6u_R,G,0.12069505453109741
6u6u_R,C,0.13730023801326752
6u6u_R,K,0.16774161159992218
6u6u_R,D,0.1351315826177597
6u6u_R,I,0.10810001194477081
6u6u_R,F,0.13745525479316711
6u6u_R,M,0.11157114803791046
6u6u_R,K,0.185982808470726
6u6u_R,N,0.15178565680980682
6u6u_R,E,0.1660570204257965
6u6u_R,I,0.10835006088018417
6u6u_R,L,0.0847494825720787
6u6u_R,S,0.14864952862262726
6u6u_R,A,0.0972256287932396
6u6u_R,S,0.13410034775733948
6u6u_R,Q,0.171049103140831
6u6u_R,P,0.1165243610739708
6u6u_R,F,0.09697946161031723
6u6u_R,A,0.06902360171079636
6u6u_R,F,0.06752461940050125
6u6u_R,N,0.12923763692378998
6u6u_R,C,0.07002902030944824
6u6u_R,T,0.11605288833379745
6u6u_R,F,0.13541565835475922
6u6u_R,P,0.2174084633588791
6u6u_R,P,0.2082042545080185
6u6u_R,I,0.17263108491897583
6u6u_R,T,0.1850125640630722
6u6u_R,S,0.25838369131088257
6u6u_R,G,0.2616448998451233
6u6u_R,E,0.2812669277191162
6u6u_R,V,0.1738135814666748
6u6u_R,S,0.24113278090953827
6u6u_R,V,0.0892484113574028
6u6u_R,T,0.2225574105978012
6u6u_R,W,0.0983155146241188
6u6u_R,Y,0.25284066796302795
6u6u_R,K,0.17343340814113617
6u6u_R,N,0.23823021352291107
6u6u_R,S,0.25399065017700195
6u6u_R,S,0.23556943237781525
6u6u_R,K,0.2780612111091614
6u6u_R,I,0.23869922757148743
6u6u_R,P,0.2284686416387558
6u6u_R,V,0.16355480253696442
6u6u_R,S,0.23919129371643066
6u6u_R,K,0.26309600472450256
6u6u_R,I,0.23542414605617523
6u6u_R,I,0.21568095684051514
6u6u_R,Q,0.24689869582653046
6u6u_R,S,0.15754202008247375
6u6u_R,R,0.19688159227371216
6u6u_R,I,0.1545763909816742
6u6u_R,H,0.19106751680374146
6u6u_R,Q,0.18784090876579285
6u6u_R,D,0.222640261054039
6u6u_R,E,0.20874105393886566
6u6u_R,T,0.15613724291324615
6u6u_R,W,0.10991664230823517
6u6u_R,I,0.04995052143931389
6u6u_R,L,0.08117301762104034
6u6u_R,F,0.0774642676115036
6u6u_R,L,0.14736579358577728
6u6u_R,P,0.13482482731342316
6u6u_R,M,0.05263007432222366
6u6u_R,E,0.1542278230190277
6u6u_R,W,0.15252871811389923
6u6u_R,G,0.16013459861278534
6u6u_R,D,0.11575993150472641
6u6u_R,S,0.09791713207960129
6u6u_R,G,0.0696234479546547
6u6u_R,V,0.11505782604217529
6u6u_R,Y,0.07130912691354752
6u6u_R,Q,0.13783827424049377
6u6u_R,C,0.06357599794864655
6u6u_R,V,0.1219317838549614
6u6u_R,I,0.08172153681516647
6u6u_R,K,0.23591189086437225
6u6u_R,G,0.199112668633461
6u6u_R,R,0.2999815344810486
6u6u_R,D,0.2443956434726715
6u6u_R,S,0.19049909710884094
6u6u_R,C,0.12356169521808624
6u6u_R,H,0.21317298710346222
6u6u_R,R,0.24227826297283173
6u6u_R,I,0.14883454144001007
6u6u_R,H,0.15653157234191895
6u6u_R,V,0.08875500410795212
6u6u_R,N,0.13024264574050903
6u6u_R,L,0.043425552546978
6u6u_R,T,0.12195196002721786
6u6u_R,V,0.062194596976041794
6u6u_R,F,0.14056408405303955
6u6u_R,E,0.15578091144561768
6u6u_R,K,0.19701825082302094
6u6u_R,H,0.17188331484794617
6u6u_R,W,0.22092795372009277
6u6u_R,C,0.1458214968442917
6u6u_R,D,0.17035362124443054
6u6u_R,T,0.16577015817165375
6u6u_R,S,0.19149933755397797
6u6u_R,I,0.2023259699344635
6u6u_R,G,0.19380037486553192
6u6u_R,G,0.19586558640003204
6u6u_R,L,0.18677616119384766
6u6u_R,P,0.15937301516532898
6u6u_R,N,0.16228251159191132
6u6u_R,L,0.13243266940116882
6u6u_R,S,0.16212700307369232
6u6u_R,D,0.16641812026500702
6u6u_R,E,0.16461379826068878
6u6u_R,Y,0.20629344880580902
6u6u_R,K,0.13617481291294098
6u6u_R,Q,0.14179182052612305
6u6u_R,I,0.11398573219776154
6u6u_R,L,0.06940560787916183
6u6u_R,H,0.13500230014324188
6u6u_R,L,0.10049767792224884
6u6u_R,G,0.0949397087097168
6u6u_R,K,0.1658589094877243
6u6u_R,D,0.1373821198940277
6u6u_R,D,0.08934313803911209
6u6u_R,S,0.10007617622613907
6u6u_R,L,0.05141567066311836
6u6u_R,T,0.11142666637897491
6u6u_R,C,0.06832023710012436
6u6u_R,H,0.1314077377319336
6u6u_R,L,0.09143554419279099
6u6u_R,H,0.1924189329147339
6u6u_R,F,0.1662202626466751
6u6u_R,P,0.14780254662036896
6u6u_R,K,0.18821096420288086
6u6u_R,S,0.2065514177083969
6u6u_R,C,0.1787703037261963
6u6u_R,V,0.19096410274505615
6u6u_R,L,0.23933136463165283
6u6u_R,G,0.16474659740924835
6u6u_R,P,0.22923655807971954
6u6u_R,I,0.08666837215423584
6u6u_R,K,0.19479458034038544
6u6u_R,W,0.07809009402990341
6u6u_R,Y,0.15988154709339142
6u6u_R,K,0.10387690365314484
6u6u_R,D,0.18654705584049225
6u6u_R,C,0.1063300147652626
6u6u_R,N,0.207563117146492
6u6u_R,E,0.1977357566356659
6u6u_R,I,0.08784005045890808
6u6u_R,K,0.2065712958574295
6u6u_R,G,0.1743992120027542
6u6u_R,E,0.27116772532463074
6u6u_R,R,0.20910941064357758
6u6u_R,F,0.13587038218975067
6u6u_R,T,0.15020619332790375
6u6u_R,V,0.12857066094875336
6u6u_R,L,0.15180912613868713
6u6u_R,E,0.20989656448364258
6u6u_R,T,0.13587543368339539
6u6u_R,R,0.12815706431865692
6u6u_R,L,0.04606403782963753
6u6u_R,L,0.10827361792325974
6u6u_R,V,0.04736043140292168
6u6u_R,S,0.1476350724697113
6u6u_R,N,0.11680684238672256
6u6u_R,V,0.04383007064461708
6u6u_R,S,0.09291769564151764
6u6u_R,A,0.12223992496728897
6u6u_R,E,0.16949895024299622
6u6u_R,D,0.0922684594988823
6u6u_R,R,0.12123161554336548
6u6u_R,G,0.04987168312072754
6u6u_R,N,0.123426653444767
6u6u_R,Y,0.06045302748680115
6u6u_R,A,0.10105540603399277
6u6u_R,C,0.05699446424841881
6u6u_R,Q,0.15789873898029327
6u6u_R,A,0.0594511516392231
6u6u_R,I,0.1626671403646469
6u6u_R,L,0.0973014384508133
6u6u_R,T,0.20565219223499298
6u6u_R,H,0.20830824971199036
6u6u_R,S,0.27855023741722107
6u6u_R,G,0.2167358249425888
6u6u_R,K,0.25097012519836426
6u6u_R,Q,0.21805217862129211
6u6u_R,Y,0.21314576268196106
6u6u_R,E,0.20262835919857025
6u6u_R,V,0.12267205864191055
6u6u_R,L,0.15643027424812317
6u6u_R,N,0.14803077280521393
6u6u_R,G,0.12315447628498077
6u6u_R,I,0.0842985212802887
6u6u_R,T,0.10982828587293625
6u6u_R,V,0.0570145845413208
6u6u_R,S,0.12814928591251373
6u6u_R,H,0.09271997213363647
6u6u_R,H,0.1497803032398224
4qci_D,I,0.15682385861873627
4qci_D,A,0.1904929131269455
4qci_D,E,0.1963256299495697
4qci_D,P,0.21562586724758148
4qci_D,A,0.15660224854946136
4qci_D,M,0.221488356590271
4qci_D,I,0.14333350956439972
4qci_D,A,0.12261521816253662
4qci_D,E,0.1949712187051773
4qci_D,C,0.1281847506761551
4qci_D,K,0.2403113842010498
4qci_D,T,0.1879391223192215
4qci_D,R,0.26616403460502625
4qci_D,T,0.2365005761384964
4qci_D,E,0.25094136595726013
4qci_D,V,0.18637000024318695
4qci_D,F,0.202232226729393
4qci_D,E,0.2582366466522217
4qci_D,I,0.15707562863826752
4qci_D,S,0.2325551062822342
4qci_D,R,0.26787397265434265
4qci_D,R,0.30190616846084595
4qci_D,L,0.23572266101837158
4qci_D,I,0.1843179166316986
4qci_D,D,0.2417060136795044
4qci_D,R,0.3068449795246124
4qci_D,T,0.23053698241710663
4qci_D,N,0.25211235880851746
4qci_D,A,0.14173553884029388
4qci_D,N,0.2727743089199066
4qci_D,F,0.2434242218732834
4qci_D,L,0.15898507833480835
4qci_D,V,0.1299763172864914
4qci_D,W,0.15315541625022888
4qci_D,P,0.1814504712820053
4qci_D,P,0.18540921807289124
4qci_D,C,0.08495237678289413
4qci_D,V,0.09750392287969589
4qci_D,E,0.16869325935840607
4qci_D,V,0.08746156841516495
4qci_D,Q,0.21561677753925323
4qci_D,R,0.1656380444765091
4qci_D,C,0.0941864475607872
4qci_D,S,0.19475162029266357
4qci_D,G,0.11120078712701797
4qci_D,C,0.09465748071670532
4qci_D,C,0.12655353546142578
4qci_D,N,0.22304759919643402
4qci_D,N,0.24750947952270508
4qci_D,R,0.30642616748809814
4qci_D,N,0.3041255474090576
4qci_D,V,0.1759020835161209
4qci_D,Q,0.28701210021972656
4qci_D,C,0.12765386700630188
4qci_D,R,0.3024085462093353
4qci_D,P,0.17002145946025848
4qci_D,T,0.21771244704723358
4qci_D,Q,0.22070181369781494
4qci_D,V,0.16196151077747345
4qci_D,Q,0.22997550666332245
4qci_D,L,0.22888612747192383
4qci_D,R,0.23412199318408966
4qci_D,P,0.24671445786952972
4qci_D,V,0.17981591820716858
4qci_D,Q,0.23559068143367767
4qci_D,V,0.1292879283428192
4qci_D,R,0.29250460863113403
4qci_D,K,0.24071907997131348
4qci_D,I,0.20018215477466583
4qci_D,E,0.251013845205307
4qci_D,I,0.25195154547691345
4qci_D,V,0.2535368800163269
4qci_D,R,0.30247026681900024
4qci_D,K,0.30816739797592163
4qci_D,K,0.30962392687797546
4qci_D,P,0.30489277839660645
4qci_D,I,0.29069793224334717
4qci_D,F,0.28525644540786743
4qci_D,K,0.27975714206695557
4qci_D,K,0.2935710847377777
4qci_D,A,0.2136266678571701
4qci_D,T,0.2559764087200165
4qci_D,V,0.12671737372875214
4qci_D,T,0.2788827121257782
4qci_D,L,0.16053491830825806
4qci_D,E,0.2611895203590393
4qci_D,D,0.24412016570568085
4qci_D,H,0.19840295612812042
4qci_D,L,0.1981506049633026
4qci_D,A,0.17917707562446594
4qci_D,C,0.10450074821710587
4qci_D,K,0.22976021468639374
4qci_D,C,0.15254372358322144
4qci_D,E,0.24492418766021729
4qci_D,T,0.20221903920173645
4qci_D,V,0.22304685413837433
7jum_A,L,0.13580617308616638
7jum_A,D,0.21052251756191254
7jum_A,K,0.22291794419288635
7jum_A,I,0.20656955242156982
7jum_A,D,0.24005496501922607
7jum_A,L,0.20224575698375702
7jum_A,S,0.22456255555152893
7jum_A,Y,0.23935627937316895
7jum_A,E,0.2609744071960449
7jum_A,T,0.24904535710811615
7jum_A,T,0.23080706596374512
7jum_A,E,0.26939699053764343
7jum_A,S,0.26108166575431824
7jum_A,G,0.23187255859375
7jum_A,D,0.2654436528682709
7jum_A,T,0.23579469323158264
7jum_A,A,0.21944764256477356
7jum_A,V,0.2301313728094101
7jum_A,S,0.2426687330007553
7jum_A,E,0.27760815620422363
7jum_A,D,0.2693816125392914
7jum_A,S,0.2403448075056076
7jum_A,Y,0.2758285105228424
7jum_A,D,0.27326247096061707
7jum_A,K,0.26268741488456726
7jum_A,Y,0.28729337453842163
7jum_A,A,0.24002087116241455
7jum_A,S,0.2586379945278168
7jum_A,Q,0.2879345118999481
7jum_A,N,0.29370662569999695
7jum_A,T,0.27305179834365845
7jum_A,N,0.27889007329940796
7jum_A,K,0.27950337529182434
7jum_A,E,0.27644333243370056
7jum_A,Y,0.2692258954048157
7jum_A,V,0.21008363366127014
7jum_A,C,0.18510335683822632
7jum_A,D,0.24693189561367035
7jum_A,F,0.22518296539783478
7jum_A,T,0.24223151803016663
7jum_A,D,0.23818354308605194
7jum_A,Q,0.2875470817089081
7jum_A,L,0.25123319029808044
7jum_A,K,0.29914146661758423
7jum_A,P,0.27572453022003174
7jum_A,T,0.27835559844970703
7jum_A,E,0.2994496524333954
7jum_A,S,0.2880815863609314
7jum_A,G,0.27310025691986084
7jum_A,P,0.28104397654533386
7jum_A,K,0.2764509618282318
7jum_A,V,0.21862450242042542
7jum_A,K,0.2603995203971863
7jum_A,K,0.24771642684936523
7jum_A,C,0.1685459464788437
7jum_A,E,0.2589065134525299
7jum_A,V,0.14954106509685516
7jum_A,K,0.23507168889045715
7jum_A,V,0.20825408399105072
7jum_A,N,0.2494233101606369
7jum_A,E,0.2825602889060974
7jum_A,P,0.23549412190914154
7jum_A,L,0.2314387559890747
7jum_A,I,0.19409731030464172
7jum_A,K,0.21497903764247894
7jum_A,V,0.13137999176979065
7jum_A,K,0.22225800156593323
7jum_A,I,0.12122873216867447
7jum_A,I,0.20877210795879364
7jum_A,C,0.1427650898694992
7jum_A,P,0.17618964612483978
7jum_A,L,0.24677395820617676
7jum_A,K,0.2712109684944153
7jum_A,G,0.17592966556549072
7jum_A,S,0.25942879915237427
7jum_A,V,0.21354463696479797
7jum_A,E,0.2547414302825928
7jum_A,K,0.2017909586429596
7jum_A,L,0.2453751116991043
7jum_A,Y,0.2804834842681885
7jum_A,D,0.23879757523536682
7jum_A,N,0.26809293031692505
7jum_A,I,0.2578934133052826
7jum_A,E,0.300053209066391
7jum_A,Y,0.2983773946762085
7jum_A,V,0.26442787051200867
7jum_A,P,0.284504234790802
7jum_A,K,0.30192044377326965
7jum_A,K,0.30051812529563904
7jum_A,S,0.28099510073661804
7jum_A,P,0.24352674186229706
7jum_A,Y,0.28070923686027527
7jum_A,V,0.2177988588809967
7jum_A,V,0.21350517868995667
7jum_A,L,0.2143048346042633
7jum_A,T,0.22942662239074707
7jum_A,K,0.26234695315361023
7jum_A,E,0.2854577600955963
7jum_A,E,0.2900543808937073
7jum_A,T,0.2682051360607147
7jum_A,K,0.28418973088264465
7jum_A,L,0.25843510031700134
7jum_A,K,0.27940064668655396
7jum_A,E,0.2856738567352295
7jum_A,K,0.279731422662735
7jum_A,L,0.243808776140213
7jum_A,L,0.2654475271701813
7jum_A,S,0.2684972584247589
7jum_A,K,0.2711939513683319
7jum_A,L,0.24229441583156586
7jum_A,I,0.2509169280529022
7jum_A,Y,0.27618393301963806
7jum_A,G,0.21393735706806183
7jum_A,L,0.2408633679151535
7jum_A,L,0.2366855889558792
7jum_A,I,0.2250090092420578
7jum_A,S,0.23797109723091125
7jum_A,P,0.2237766981124878
7jum_A,T,0.2663436830043793
7jum_A,V,0.24351370334625244
7jum_A,N,0.28250548243522644
7jum_A,E,0.2976174056529999
7jum_A,K,0.30304333567619324
7jum_A,E,0.3020764887332916
7jum_A,N,0.29387813806533813
7jum_A,N,0.2834849953651428
7jum_A,F,0.2740858495235443
7jum_A,K,0.2931065261363983
7jum_A,E,0.27451059222221375
7jum_A,G,0.19103007018566132
7jum_A,V,0.14304840564727783
7jum_A,I,0.13918310403823853
7jum_A,E,0.2044796496629715
7jum_A,F,0.11630123108625412
7jum_A,T,0.2085123509168625
7jum_A,L,0.12608984112739563
7jum_A,P,0.19190840423107147
7jum_A,P,0.24669599533081055
7jum_A,V,0.19018396735191345
7jum_A,V,0.17726705968379974
7jum_A,H,0.24556925892829895
7jum_A,K,0.21695028245449066
7jum_A,A,0.1877809315919876
7jum_A,T,0.2218964397907257
7jum_A,V,0.16709046065807343
7jum_A,F,0.16020940244197845
7jum_A,Y,0.19420106709003448
7jum_A,F,0.1378963738679886
7jum_A,I,0.1734771728515625
7jum_A,C,0.11440606415271759
7jum_A,D,0.21137218177318573
7jum_A,N,0.21957850456237793
7jum_A,S,0.24044978618621826
7jum_A,K,0.29632407426834106
7jum_A,T,0.28955408930778503
7jum_A,E,0.3030240833759308
7jum_A,D,0.30510413646698
7jum_A,D,0.29361236095428467
7jum_A,N,0.2908918559551239
7jum_A,K,0.27951890230178833
7jum_A,K,0.2924349308013916
7jum_A,G,0.2394687682390213
7jum_A,N,0.22084756195545197
7jum_A,R,0.2454303503036499
7jum_A,G,0.11486245691776276
7jum_A,I,0.18152065575122833
7jum_A,V,0.08506148308515549
7jum_A,E,0.1825588345527649
7jum_A,V,0.0857837125658989
7jum_A,Y,0.21540258824825287
7jum_A,V,0.11653129011392593
7jum_A,E,0.21305151283740997
7jum_A,P,0.15064261853694916
7jum_A,Y,0.2596836984157562
7jum_A,G,0.1869453638792038
7jum_A,N,0.22588422894477844
5th9_A,T,0.1220402717590332
5th9_A,D,0.1159164234995842
5th9_A,R,0.12875352799892426
5th9_A,Q,0.15127456188201904
5th9_A,L,0.09430631250143051
5th9_A,A,0.04489109292626381
5th9_A,E,0.11647132784128189
5th9_A,E,0.12427430599927902
5th9_A,Y,0.06496357172727585
5th9_A,L,0.03379740193486214
5th9_A,Y,0.0960891842842102
5th9_A,R,0.11749184131622314
5th9_A,Y,0.07285671681165695
5th9_A,G,0.08995600789785385
5th9_A,Y,0.0914287194609642
5th9_A,T,0.11413558572530746
5th9_A,R,0.17880955338478088
5th9_A,V,0.14377014338970184
5th9_A,A,0.13740065693855286
5th9_A,S,0.11069419234991074
5th9_A,L,0.06401237100362778
5th9_A,G,0.0894097313284874
5th9_A,P,0.134195014834404
5th9_A,A,0.056580256670713425
5th9_A,L,0.033026330173015594
5th9_A,L,0.07311045378446579
5th9_A,L,0.09463220089673996
5th9_A,L,0.028724435716867447
5th9_A,Q,0.05177391320466995
5th9_A,K,0.1071971207857132
5th9_A,Q,0.07117612659931183
5th9_A,L,0.0397508330643177
5th9_A,S,0.07963012158870697
5th9_A,L,0.04767724499106407
5th9_A,P,0.12841466069221497
5th9_A,E,0.12428319454193115
5th9_A,T,0.07696899026632309
5th9_A,G,0.052595991641283035
5th9_A,E,0.11239655315876007
5th9_A,L,0.039996188133955
5th9_A,D,0.09074684232473373
5th9_A,S,0.11329611390829086
5th9_A,A,0.09162117540836334
5th9_A,T,0.052355553954839706
5th9_A,L,0.04811899736523628
5th9_A,K,0.1334284394979477
5th9_A,A,0.05201544985175133
5th9_A,M,0.0387113019824028
5th9_A,R,0.09658222645521164
5th9_A,T,0.08363687992095947
5th9_A,P,0.06274472922086716
5th9_A,R,0.07009946554899216
5th9_A,C,0.03668191656470299
5th9_A,G,0.04908987507224083
5th9_A,V,0.055315520614385605
5th9_A,P,0.08215144276618958
5th9_A,D,0.08323395252227783
5th9_A,L,0.06205303594470024
5th9_A,G,0.08347445726394653
5th9_A,R,0.13129638135433197
5th9_A,F,0.09021027386188507
5th9_A,Q,0.11488368362188339
5th9_A,T,0.0872536301612854
5th9_A,F,0.0770406723022461
5th9_A,E,0.14392180740833282
5th9_A,G,0.10652957111597061
5th9_A,D,0.163990318775177
5th9_A,L,0.10799572616815567
5th9_A,K,0.10296976566314697
5th9_A,W,0.0753014013171196
5th9_A,H,0.1444120705127716
5th9_A,H,0.1424552947282791
5th9_A,H,0.12894953787326813
5th9_A,N,0.09079144895076752
5th9_A,I,0.04770670458674431
5th9_A,T,0.06196783110499382
5th9_A,Y,0.06670006364583969
5th9_A,W,0.1043681651353836
5th9_A,I,0.059014927595853806
5th9_A,Q,0.11832320690155029
5th9_A,N,0.1173320785164833
5th9_A,Y,0.09738383442163467
5th9_A,S,0.10374081134796143
5th9_A,E,0.19524778425693512
5th9_A,D,0.1342700570821762
5th9_A,L,0.06202513724565506
5th9_A,P,0.20225833356380463
5th9_A,R,0.18594259023666382
5th9_A,A,0.11903923004865646
5th9_A,V,0.09973541647195816
5th9_A,I,0.051082875579595566
5th9_A,D,0.10029461234807968
5th9_A,D,0.12966501712799072
5th9_A,A,0.0367644801735878
5th9_A,F,0.01959642395377159
5th9_A,A,0.07819319516420364
5th9_A,R,0.10243619978427887
5th9_A,A,0.02032538317143917
5th9_A,F,0.026562834158539772
5th9_A,A,0.0921110063791275
5th9_A,L,0.06679455935955048
5th9_A,W,0.030396271497011185
5th9_A,S,0.045074474066495895
5th9_A,A,0.07614471763372421
5th9_A,V,0.04614073783159256
5th9_A,T,0.02571985125541687
5th9_A,P,0.06978794187307358
5th9_A,L,0.031809110194444656
5th9_A,T,0.10741007328033447
5th9_A,F,0.030674297362565994
5th9_A,T,0.10267837345600128
5th9_A,R,0.11204900592565536
5th9_A,V,0.06599147617816925
5th9_A,Y,0.10010185092687607
5th9_A,S,0.11687910556793213
5th9_A,R,0.16041378676891327
5th9_A,D,0.10739844292402267
5th9_A,A,0.036698877811431885
5th9_A,D,0.07570662349462509
5th9_A,I,0.031243300065398216
5th9_A,V,0.06649018824100494
5th9_A,I,0.033658988773822784
5th9_A,Q,0.09860127419233322
5th9_A,F,0.0602441132068634
5th9_A,G,0.07942017167806625
5th9_A,V,0.1266566663980484
5th9_A,A,0.12690162658691406
5th9_A,E,0.16086308658123016
5th9_A,H,0.110722616314888
5th9_A,G,0.11414775997400284
5th9_A,D,0.11212378740310669
5th9_A,G,0.11482097953557968
5th9_A,Y,0.13873659074306488
5th9_A,P,0.14088287949562073
5th9_A,F,0.08246694505214691
5th9_A,D,0.13898451626300812
5th9_A,G,0.09581616520881653
5th9_A,K,0.12569503486156464
5th9_A,D,0.12017178535461426
5th9_A,G,0.06468802690505981
5th9_A,L,0.07231395691633224
5th9_A,L,0.07272689044475555
5th9_A,A,0.05088316276669502
5th9_A,H,0.08789262920618057
5th9_A,A,0.04713514447212219
5th9_A,F,0.0859924852848053
5th9_A,P,0.09162956476211548
5th9_A,P,0.08688842505216599
5th9_A,G,0.09858831763267517
5th9_A,P,0.17510676383972168
5th9_A,G,0.11860241740942001
5th9_A,I,0.11045163124799728
5th9_A,Q,0.11039986461400986
5th9_A,G,0.056448306888341904
5th9_A,D,0.10151642560958862
5th9_A,A,0.030524486675858498
5th9_A,H,0.10443856567144394
5th9_A,F,0.04368218407034874
5th9_A,D,0.06635592877864838
5th9_A,D,0.108393095433712
5th9_A,D,0.1184891015291214
5th9_A,E,0.08749548345804214
5th9_A,L,0.14100569486618042
5th9_A,W,0.07634543627500534
5th9_A,S,0.0794379860162735
5th9_A,L,0.08087513595819473
5th9_A,G,0.09014707058668137
5th9_A,K,0.1600860059261322
5th9_A,G,0.12185879051685333
5th9_A,Q,0.16726656258106232
5th9_A,G,0.0901738703250885
5th9_A,Y,0.09813076257705688
5th9_A,S,0.06434696912765503
5th9_A,L,0.049091946333646774
5th9_A,F,0.08142750710248947
5th9_A,L,0.062200695276260376
5th9_A,V,0.04499347135424614
5th9_A,A,0.024180976673960686
5th9_A,A,0.020027808845043182
5th9_A,H,0.07631507515907288
5th9_A,E,0.07373907417058945
5th9_A,F,0.03128223866224289
5th9_A,G,0.03304026275873184
5th9_A,H,0.054521556943655014
5th9_A,A,0.04444745555520058
5th9_A,L,0.04842827096581459
5th9_A,G,0.05948338657617569
5th9_A,L,0.0437779538333416
5th9_A,D,0.15082579851150513
5th9_A,H,0.08199219405651093
5th9_A,S,0.06477516889572144
5th9_A,S,0.14614415168762207
5th9_A,V,0.07118924707174301
5th9_A,P,0.18407995998859406
5th9_A,E,0.2065410614013672
5th9_A,A,0.03455493599176407
5th9_A,L,0.025780534371733665
5th9_A,M,0.048522938042879105
5th9_A,Y,0.08190561830997467
5th9_A,P,0.06825458258390427
5th9_A,M,0.0904177874326706
5th9_A,Y,0.09220580756664276
5th9_A,R,0.186330184340477
5th9_A,F,0.1114158034324646
5th9_A,T,0.10828524082899094
5th9_A,E,0.20841531455516815
5th9_A,G,0.15407438576221466
5th9_A,P,0.12736359238624573
5th9_A,P,0.14034497737884521
5th9_A,L,0.0398816242814064
5th9_A,H,0.15293274819850922
5th9_A,K,0.1522754430770874
5th9_A,D,0.08365719765424728
5th9_A,D,0.07633709907531738
5th9_A,V,0.061405569314956665
5th9_A,N,0.11678501218557358
5th9_A,G,0.052156735211610794
5th9_A,I,0.02627773955464363
5th9_A,R,0.12427596002817154
5th9_A,H,0.13728296756744385
5th9_A,L,0.06087690591812134
5th9_A,Y,0.06758076697587967
6hga_B,L,0.13316610455513
6hga_B,P,0.09903141111135483
6hga_B,W,0.13385061919689178
6hga_B,L,0.0562153123319149
6hga_B,N,0.12147825211286545
6hga_B,V,0.04496299847960472
6hga_B,S,0.09516197443008423
6hga_B,A,0.06957180052995682
6hga_B,D,0.11574576050043106
6hga_B,G,0.13578791916370392
6hga_B,D,0.13541167974472046
6hga_B,N,0.10596942901611328
6hga_B,V,0.03858998045325279
6hga_B,H,0.08944638073444366
6hga_B,L,0.03832779824733734
6hga_B,V,0.09915246814489365
6hga_B,L,0.0763469859957695
6hga_B,N,0.13907228410243988
6hga_B,V,0.09253405779600143
6hga_B,S,0.1224738284945488
6hga_B,E,0.1840260922908783
6hga_B,E,0.1909313201904297
6hga_B,Q,0.18440161645412445
6hga_B,H,0.16494254767894745
6hga_B,F,0.09289930760860443
6hga_B,G,0.10961127281188965
6hga_B,L,0.05020534619688988
6hga_B,S,0.12943197786808014
6hga_B,L,0.0758328065276146
6hga_B,Y,0.13679274916648865
6hga_B,W,0.14480029046535492
6hga_B,N,0.17692473530769348
6hga_B,Q,0.17266057431697845
6hga_B,V,0.1495022475719452
6hga_B,Q,0.18210311233997345
6hga_B,G,0.14622266590595245
6hga_B,P,0.1817498654127121
6hga_B,P,0.1987583488225937
6hga_B,K,0.20765410363674164
6hga_B,P,0.1644783765077591
6hga_B,R,0.2035377472639084
6hga_B,W,0.17004899680614471
6hga_B,H,0.14096501469612122
6hga_B,K,0.14885932207107544
6hga_B,N,0.12264412641525269
6hga_B,L,0.09761299192905426
6hga_B,T,0.13030408322811127
6hga_B,G,0.08650409430265427
6hga_B,P,0.118271104991436
6hga_B,Q,0.12188231199979782
6hga_B,I,0.09436650574207306
6hga_B,I,0.07451611012220383
6hga_B,T,0.11817669868469238
6hga_B,L,0.06438123434782028
6hga_B,Q,0.1294398307800293
6hga_B,H,0.10889031738042831
6hga_B,T,0.07767353951931
6hga_B,D,0.08002516627311707
6hga_B,L,0.055294182151556015
6hga_B,V,0.06295327097177505
6hga_B,P,0.08127515763044357
6hga_B,C,0.0755009800195694
6hga_B,L,0.03429291769862175
6hga_B,C,0.050661828368902206
6hga_B,I,0.026622166857123375
6hga_B,Q,0.07492601126432419
6hga_B,V,0.03218497708439827
6hga_B,W,0.10609060525894165
6hga_B,P,0.11837446689605713
6hga_B,L,0.1128707155585289
6hga_B,E,0.2034914493560791
6hga_B,P,0.17816855013370514
6hga_B,D,0.13385137915611267
6hga_B,S,0.1387665718793869
6hga_B,V,0.12108772248029709
6hga_B,R,0.1376117467880249
6hga_B,T,0.13442586362361908
6hga_B,N,0.1325163096189499
6hga_B,I,0.0745105966925621
6hga_B,C,0.0760052353143692
6hga_B,P,0.08388538658618927
6hga_B,F,0.07065887749195099
6hga_B,R,0.12772928178310394
6hga_B,E,0.10267972201108932
6hga_B,D,0.11448170989751816
6hga_B,P,0.09296124428510666
6hga_B,R,0.14813144505023956
6hga_B,A,0.07762422412633896
6hga_B,H,0.09621874243021011
6hga_B,Q,0.13971339166164398
6hga_B,N,0.13538216054439545
6hga_B,L,0.0726398453116417
6hga_B,W,0.11940206587314606
6hga_B,Q,0.13510774075984955
6hga_B,A,0.09954052418470383
6hga_B,A,0.07207497954368591
6hga_B,R,0.1338561624288559
6hga_B,L,0.06674183905124664
6hga_B,R,0.13761138916015625
6hga_B,L,0.09044226258993149
6hga_B,L,0.12075839191675186
6hga_B,T,0.13269315659999847
6hga_B,L,0.1260756105184555
6hga_B,Q,0.14296209812164307
6hga_B,S,0.08396675437688828
6hga_B,W,0.07950618118047714
6hga_B,L,0.09107379615306854
6hga_B,L,0.05128049850463867
6hga_B,D,0.09660132974386215
6hga_B,A,0.059071775525808334
6hga_B,P,0.102713942527771
6hga_B,C,0.09758749604225159
6hga_B,S,0.11936169862747192
6hga_B,L,0.10376610606908798
6hga_B,P,0.14173655211925507
6hga_B,A,0.08674659579992294
6hga_B,E,0.15097318589687347
6hga_B,A,0.04482234641909599
6hga_B,A,0.08835438638925552
6hga_B,L,0.04864552244544029
6hga_B,C,0.06850802153348923
6hga_B,W,0.09398062527179718
6hga_B,R,0.16367235779762268
6hga_B,A,0.11033983528614044
6hga_B,P,0.16073022782802582
6hga_B,G,0.17890974879264832
6hga_B,G,0.14984719455242157
6hga_B,D,0.1903354376554489
6hga_B,P,0.18260295689105988
6hga_B,C,0.11267943680286407
6hga_B,Q,0.16682855784893036
6hga_B,P,0.1398356407880783
6hga_B,L,0.0904175415635109
6hga_B,V,0.11924824863672256
6hga_B,P,0.15777333080768585
6hga_B,P,0.16400101780891418
6hga_B,L,0.13437126576900482
6hga_B,S,0.1493537425994873
6hga_B,W,0.16269047558307648
6hga_B,E,0.1568680852651596
6hga_B,Q,0.14866052567958832
6hga_B,V,0.1055491492152214
6hga_B,T,0.11577669531106949
6hga_B,V,0.10563776642084122
6hga_B,D,0.14144079387187958
6hga_B,K,0.132943257689476
6hga_B,V,0.09283854812383652
6hga_B,L,0.07132966816425323
6hga_B,E,0.12076764553785324
6hga_B,F,0.08749620616436005
6hga_B,P,0.11382384598255157
6hga_B,L,0.11226071417331696
6hga_B,L,0.09171673655509949
6hga_B,K,0.11698831617832184
6hga_B,G,0.10637054592370987
6hga_B,H,0.13522426784038544
6hga_B,P,0.11467087268829346
6hga_B,N,0.12737004458904266
6hga_B,L,0.06255777180194855
6hga_B,C,0.07392485439777374
6hga_B,V,0.03485339507460594
6hga_B,Q,0.08562066406011581
6hga_B,V,0.04498263821005821
6hga_B,Q,0.13765506446361542
6hga_B,S,0.10508906096220016
6hga_B,S,0.18367497622966766
6hga_B,E,0.18404871225357056
6hga_B,K,0.16186659038066864
6hga_B,L,0.1025787964463234
6hga_B,Q,0.14581096172332764
6hga_B,L,0.07293786853551865
6hga_B,Q,0.12032785266637802
6hga_B,E,0.14424769580364227
6hga_B,C,0.08796574175357819
6hga_B,L,0.11896240711212158
6hga_B,W,0.1712764948606491
6hga_B,A,0.10840814560651779
6hga_B,D,0.15065816044807434
6hga_B,S,0.1415667086839676
6hga_B,L,0.1192353144288063
6hga_B,G,0.1245490238070488
6hga_B,P,0.16734258830547333
6hga_B,L,0.13046793639659882
6hga_B,K,0.176725834608078
6hga_B,D,0.1675623506307602
6hga_B,D,0.13791875541210175
6hga_B,V,0.10161945968866348
6hga_B,L,0.09220460802316666
6hga_B,L,0.11433348804712296
6hga_B,L,0.08492523431777954
6hga_B,E,0.13327336311340332
6hga_B,T,0.11315295845270157
6hga_B,R,0.1882879137992859
6hga_B,G,0.13288021087646484
6hga_B,P,0.1780625432729721
6hga_B,Q,0.2171609252691269
6hga_B,D,0.18317265808582306
6hga_B,Q,0.18388763070106506
6hga_B,R,0.13773974776268005
6hga_B,S,0.12600116431713104
6hga_B,L,0.10241606086492538
6hga_B,C,0.11329703778028488
6hga_B,A,0.08351293951272964
6hga_B,L,0.13700835406780243
6hga_B,E,0.1663529872894287
6hga_B,P,0.1816946268081665
6hga_B,S,0.17801733314990997
6hga_B,G,0.12919466197490692
6hga_B,C,0.15692752599716187
6hga_B,T,0.14801649749279022
6hga_B,S,0.1671035885810852
6hga_B,L,0.13941590487957
6hga_B,P,0.17436255514621735
6hga_B,S,0.150368794798851
6hga_B,K,0.18123292922973633
6hga_B,A,0.1369803100824356
6hga_B,S,0.15891683101654053
6hga_B,T,0.1352313756942749
6hga_B,R,0.19444851577281952
6hga_B,A,0.12156973034143448
6hga_B,A,0.11828086525201797
6hga_B,R,0.18663683533668518
6hga_B,L,0.16055937111377716
6hga_B,G,0.14592353999614716
6hga_B,E,0.1686386615037918
6hga_B,Y,0.1291687786579132
6hga_B,L,0.11239411681890488
6hga_B,L,0.08766146004199982
6hga_B,Q,0.1421564668416977
6hga_B,D,0.10234780609607697
6hga_B,L,0.15072734653949738
6hga_B,Q,0.20095069706439972
6hga_B,S,0.1488954871892929
6hga_B,G,0.1448051929473877
6hga_B,Q,0.15779221057891846
6hga_B,C,0.1277015507221222
6hga_B,L,0.0776708573102951
6hga_B,Q,0.12239869683980942
6hga_B,L,0.10650023072957993
6hga_B,W,0.2018900364637375
6hga_B,D,0.17087410390377045
6hga_B,D,0.20922024548053741
6hga_B,D,0.23495212197303772
6hga_B,L,0.20627117156982422
6hga_B,G,0.17347489297389984
6hga_B,A,0.1935218870639801
6hga_B,L,0.1166929379105568
6hga_B,W,0.2292032688856125
6hga_B,A,0.1412370204925537
6hga_B,C,0.139169380068779
6hga_B,P,0.16004422307014465
6hga_B,M,0.19750849902629852
6hga_B,D,0.19992394745349884
6hga_B,K,0.1965571641921997
6hga_B,Y,0.24524524807929993
6hga_B,I,0.19476713240146637
6hga_B,H,0.22464919090270996
6hga_B,K,0.19260236620903015
6hga_B,R,0.16074097156524658
6hga_B,E,0.17249219119548798
6hga_B,F,0.15485802292823792
6hga_B,R,0.18981611728668213
6hga_B,H,0.15322372317314148
2xwt_C,C,0.14334990084171295
2xwt_C,S,0.18313303589820862
2xwt_C,S,0.18825751543045044
2xwt_C,P,0.21161697804927826
2xwt_C,P,0.16982580721378326
2xwt_C,C,0.0928402841091156
2xwt_C,E,0.14980550110340118
2xwt_C,C,0.08125846832990646
2xwt_C,H,0.1793908327817917
2xwt_C,Q,0.18570971488952637
2xwt_C,E,0.23966506123542786
2xwt_C,E,0.27793166041374207
2xwt_C,D,0.23913894593715668
2xwt_C,F,0.2184961885213852
2xwt_C,R,0.22197452187538147
2xwt_C,V,0.0683896467089653
2xwt_C,T,0.19359908998012543
2xwt_C,C,0.11208700388669968
2xwt_C,K,0.24903655052185059
2xwt_C,D,0.22798259556293488
2xwt_C,I,0.12056612968444824
2xwt_C,Q,0.2398299276828766
2xwt_C,R,0.2633112370967865
2xwt_C,I,0.07626835256814957
2xwt_C,P,0.14584405720233917
2xwt_C,S,0.2105759233236313
2xwt_C,L,0.06659538298845291
2xwt_C,P,0.11416824162006378
2xwt_C,P,0.15009373426437378
2xwt_C,S,0.14925937354564667
2xwt_C,T,0.0745319277048111
2xwt_C,Q,0.1583758443593979
2xwt_C,T,0.17644695937633514
2xwt_C,L,0.060694288462400436
2xwt_C,K,0.22086842358112335
2xwt_C,L,0.07570882886648178
2xwt_C,I,0.18431356549263
2xwt_C,E,0.23295508325099945
2xwt_C,T,0.12084748595952988
2xwt_C,H,0.20971553027629852
2xwt_C,L,0.08393837511539459
2xwt_C,R,0.22912409901618958
2xwt_C,T,0.16424968838691711
2xwt_C,I,0.054494500160217285
2xwt_C,P,0.15566657483577728
2xwt_C,S,0.1468200534582138
2xwt_C,H,0.1776105761528015
2xwt_C,A,0.06054169684648514
2xwt_C,F,0.047393377870321274
2xwt_C,S,0.16717422008514404
2xwt_C,N,0.19564801454544067
2xwt_C,L,0.08094760030508041
2xwt_C,P,0.16208338737487793
2xwt_C,N,0.1872483342885971
2xwt_C,I,0.07501422613859177
2xwt_C,S,0.14181499183177948
2xwt_C,R,0.24047186970710754
2xwt_C,I,0.06644245237112045
2xwt_C,Y,0.22634029388427734
2xwt_C,V,0.06956696510314941
2xwt_C,S,0.16101504862308502
2xwt_C,I,0.22067633271217346
2xwt_C,D,0.1721087247133255
2xwt_C,V,0.2165127843618393
2xwt_C,T,0.18298079073429108
2xwt_C,L,0.06639634817838669
2xwt_C,Q,0.1746784746646881
2xwt_C,Q,0.22628985345363617
2xwt_C,L,0.061955876648426056
2xwt_C,E,0.20214605331420898
2xwt_C,S,0.16619937121868134
2xwt_C,H,0.16637660562992096
2xwt_C,S,0.06159406900405884
2xwt_C,F,0.03932034596800804
2xwt_C,Y,0.19319257140159607
2xwt_C,N,0.14417144656181335
2xwt_C,L,0.058679718524217606
2xwt_C,S,0.11985433101654053
2xwt_C,K,0.17884892225265503
2xwt_C,V,0.058394141495227814
2xwt_C,T,0.14902107417583466
2xwt_C,H,0.24115636944770813
2xwt_C,I,0.04240354895591736
2xwt_C,E,0.24273906648159027
2xwt_C,I,0.05080315098166466
2xwt_C,R,0.2566148042678833
2xwt_C,N,0.24743305146694183
2xwt_C,T,0.1112554669380188
2xwt_C,R,0.28013354539871216
2xwt_C,N,0.1982460916042328
2xwt_C,L,0.044623177498579025
2xwt_C,T,0.13896171748638153
2xwt_C,Y,0.2165203094482422
2xwt_C,I,0.04749365150928497
2xwt_C,D,0.16708147525787354
2xwt_C,P,0.14003723859786987
2xwt_C,D,0.168709859251976
2xwt_C,A,0.05124446377158165
2xwt_C,L,0.04400316998362541
2xwt_C,K,0.18215762078762054
2xwt_C,E,0.15768437087535858
2xwt_C,L,0.05878622457385063
2xwt_C,P,0.12517477571964264
2xwt_C,L,0.14686451852321625
2xwt_C,L,0.05828855186700821
2xwt_C,K,0.2069019079208374
2xwt_C,F,0.20770621299743652
2xwt_C,L,0.04083206132054329
2xwt_C,G,0.18687377870082855
2xwt_C,I,0.050960101187229156
2xwt_C,F,0.15671925246715546
2xwt_C,N,0.23620204627513885
2xwt_C,T,0.07307887822389603
2xwt_C,G,0.09881891310214996
2xwt_C,L,0.041806574910879135
2xwt_C,K,0.154475137591362
2xwt_C,M,0.12687070667743683
2xwt_C,F,0.05063708499073982
2xwt_C,P,0.11584129184484482
2xwt_C,D,0.1492849737405777
2xwt_C,L,0.07422416657209396
2xwt_C,T,0.12719734013080597
2xwt_C,K,0.1988028585910797
2xwt_C,V,0.07222609966993332
2xwt_C,Y,0.16554482281208038
2xwt_C,S,0.11075716465711594
2xwt_C,T,0.13675875961780548
2xwt_C,D,0.19134408235549927
2xwt_C,I,0.19977740943431854
2xwt_C,F,0.17321185767650604
2xwt_C,F,0.12731151282787323
2xwt_C,I,0.16385498642921448
2xwt_C,L,0.05127419903874397
2xwt_C,E,0.20493946969509125
2xwt_C,I,0.04629112407565117
2xwt_C,T,0.18429867923259735
2xwt_C,D,0.22178760170936584
2xwt_C,N,0.13666780292987823
2xwt_C,P,0.17190341651439667
2xwt_C,Y,0.20762507617473602
2xwt_C,M,0.05470321327447891
2xwt_C,T,0.11364112049341202
2xwt_C,S,0.15546414256095886
2xwt_C,I,0.04796164855360985
2xwt_C,P,0.1410859376192093
2xwt_C,V,0.11951618641614914
2xwt_C,N,0.1641245186328888
2xwt_C,A,0.04452216997742653
2xwt_C,F,0.03718818724155426
2xwt_C,Q,0.19865919649600983
2xwt_C,G,0.11799594014883041
2xwt_C,L,0.07599475234746933
2xwt_C,C,0.13932494819164276
2xwt_C,N,0.1827557533979416
2xwt_C,E,0.1799149066209793
2xwt_C,T,0.12458300590515137
2xwt_C,L,0.09001599997282028
2xwt_C,T,0.15419922769069672
2xwt_C,L,0.05272827297449112
2xwt_C,K,0.22166681289672852
2xwt_C,L,0.05368499830365181
2xwt_C,Y,0.22385954856872559
2xwt_C,N,0.19334565103054047
2xwt_C,N,0.10711405426263809
2xwt_C,G,0.09931714832782745
2xwt_C,F,0.053283121436834335
2xwt_C,T,0.1417262852191925
2xwt_C,S,0.12927180528640747
2xwt_C,V,0.03923026844859123
2xwt_C,Q,0.18101035058498383
2xwt_C,G,0.16261321306228638
2xwt_C,Y,0.22030727565288544
2xwt_C,A,0.042425237596035004
2xwt_C,F,0.039277512580156326
2xwt_C,N,0.16435880959033966
2xwt_C,G,0.10803758352994919
2xwt_C,T,0.06727172434329987
2xwt_C,K,0.19313552975654602
2xwt_C,L,0.07641575485467911
2xwt_C,D,0.17141523957252502
2xwt_C,A,0.1434684693813324
2xwt_C,V,0.048739463090896606
2xwt_C,Y,0.21067547798156738
2xwt_C,L,0.04093893989920616
2xwt_C,N,0.19087009131908417
2xwt_C,K,0.18950608372688293
2xwt_C,N,0.09661354869604111
2xwt_C,K,0.2043786495923996
2xwt_C,Y,0.204331636428833
2xwt_C,L,0.04385082423686981
2xwt_C,T,0.14752601087093353
2xwt_C,V,0.1395413726568222
2xwt_C,I,0.052194394171237946
2xwt_C,D,0.17479345202445984
2xwt_C,K,0.17154493927955627
2xwt_C,D,0.18555383384227753
2xwt_C,A,0.03996410593390465
2xwt_C,F,0.03786664083600044
2xwt_C,G,0.15235216915607452
2xwt_C,G,0.11075159162282944
2xwt_C,V,0.09270825237035751
2xwt_C,Y,0.21039597690105438
2xwt_C,S,0.1926218420267105
2xwt_C,G,0.12021791934967041
2xwt_C,P,0.1361820250749588
2xwt_C,S,0.12440740317106247
2xwt_C,L,0.15028460323810577
2xwt_C,L,0.07247980684041977
2xwt_C,D,0.175821915268898
2xwt_C,V,0.04306316375732422
2xwt_C,S,0.14657285809516907
2xwt_C,Q,0.19991213083267212
2xwt_C,T,0.06447446346282959
2xwt_C,S,0.11652624607086182
2xwt_C,V,0.043023355305194855
2xwt_C,T,0.14639636874198914
2xwt_C,A,0.13200244307518005
2xwt_C,L,0.060476597398519516
2xwt_C,P,0.13199977576732635
2xwt_C,S,0.15574906766414642
2xwt_C,K,0.20677457749843597
2xwt_C,G,0.05944225937128067
2xwt_C,L,0.05859575420618057
2xwt_C,E,0.17293693125247955
2xwt_C,H,0.18564918637275696
2xwt_C,L,0.07813061773777008
2xwt_C,K,0.1960696429014206
2xwt_C,E,0.20110216736793518
2xwt_C,L,0.080532006919384
2xwt_C,I,0.2037581503391266
2xwt_C,A,0.06565271317958832
2xwt_C,R,0.18961219489574432
2xwt_C,N,0.19686320424079895
2xwt_C,T,0.09813962131738663
6vtw_A,C,0.178686261177063
6vtw_A,S,0.25152587890625
6vtw_A,V,0.2072794884443283
6vtw_A,V,0.2646985650062561
6vtw_A,V,0.2665848433971405
6vtw_A,G,0.2756340205669403
6vtw_A,E,0.31374797224998474
6vtw_A,N,0.30553480982780457
6vtw_A,Y,0.2777075469493866
6vtw_A,S,0.2921414375305176
6vtw_A,I,0.20318520069122314
6vtw_A,K,0.2928077280521393
6vtw_A,C,0.18722091615200043
6vtw_A,D,0.2928602695465088
6vtw_A,A,0.275782972574234
6vtw_A,T,0.2920651435852051
6vtw_A,K,0.29795220494270325
6vtw_A,C,0.19440260529518127
6vtw_A,T,0.27692458033561707
6vtw_A,I,0.17111414670944214
6vtw_A,E,0.2993510663509369
6vtw_A,D,0.25907158851623535
6vtw_A,K,0.31161603331565857
6vtw_A,N,0.30665120482444763
6vtw_A,R,0.31521257758140564
6vtw_A,G,0.29594117403030396
6vtw_A,I,0.2920195758342743
6vtw_A,I,0.269238144159317
6vtw_A,K,0.28926756978034973
6vtw_A,T,0.290068119764328
6vtw_A,V,0.20770397782325745
6vtw_A,T,0.2918427586555481
6vtw_A,G,0.24274511635303497
6vtw_A,S,0.2841765880584717
6vtw_A,R,0.30693769454956055
6vtw_A,C,0.18892772495746613
6vtw_A,E,0.3064074218273163
6vtw_A,E,0.2962002754211426
6vtw_A,L,0.19350869953632355
6vtw_A,A,0.2132677137851715
6vtw_A,K,0.30242711305618286
6vtw_A,A,0.20594020187854767
6vtw_A,V,0.16722050309181213
6vtw_A,Q,0.25566917657852173
6vtw_A,K,0.2907383143901825
6vtw_A,A,0.20617122948169708
6vtw_A,Q,0.26238322257995605